Entry_Datetime,Future_Traded_Price,ATM,Days_to_Expiry,CE_Symbol,CE_Entry_Price,CE_Exit_Price,CE_Exit_Datetime,PE_Symbol,PE_Entry_Price,PE_Exit_Price,PE_Exit_Datetime,PnL
2019-01-01 09:20:00,27265.0,27300,2,BANKNIFTY03JAN1927300CE.NFO,100.0,120.0,2019-01-01 14:31:00,BANKNIFTY03JAN1927300PE.NFO,225.6,270.72,2019-01-01 09:54:00,-65.12000000000003
2019-01-02 09:20:00,27437.9,27400,1,BANKNIFTY03JAN1927400CE.NFO,99.05,118.86,2019-01-02 10:21:00,BANKNIFTY03JAN1927400PE.NFO,157.55,189.06,2019-01-02 09:35:00,-51.31999999999999
2019-01-03 09:20:00,27218.9,27200,0,BANKNIFTY03JAN1927200CE.NFO,48.1,57.72,2019-01-03 09:38:00,BANKNIFTY03JAN1927200PE.NFO,135.3,162.36,2019-01-03 11:36:00,-36.68
2019-01-04 09:20:00,27188.45,27200,6,BANKNIFTY10JAN1927200CE.NFO,179.6,215.51999999999998,2019-01-04 11:41:00,BANKNIFTY10JAN1927200PE.NFO,283.05,339.66,2019-01-04 09:45:00,-92.53
2019-01-07 09:20:00,27530.0,27500,3,BANKNIFTY10JAN1927500CE.NFO,137.75,82.35,2019-01-07 15:10:00,BANKNIFTY10JAN1927500PE.NFO,204.0,244.8,2019-01-07 14:45:00,14.599999999999994
2019-01-08 09:20:00,27306.3,27300,2,BANKNIFTY10JAN1927300CE.NFO,110.3,132.36,2019-01-08 09:49:00,BANKNIFTY10JAN1927300PE.NFO,199.5,70.25,2019-01-08 15:10:00,107.18999999999998
2019-01-09 09:20:00,27712.05,27700,1,BANKNIFTY10JAN1927700CE.NFO,81.85,82.65,2019-01-09 15:10:00,BANKNIFTY10JAN1927700PE.NFO,167.6,201.12,2019-01-09 10:05:00,-34.32000000000002
2019-01-10 09:20:00,27702.0,27700,0,BANKNIFTY10JAN1927700CE.NFO,44.15,0.05,2019-01-10 15:10:00,BANKNIFTY10JAN1927700PE.NFO,120.15,144.18,2019-01-10 09:37:00,20.07
2019-01-11 09:20:00,27681.1,27700,6,BANKNIFTY17JAN1927700CE.NFO,172.1,119.75,2019-01-11 15:10:00,BANKNIFTY17JAN1927700PE.NFO,259.0,310.8,2019-01-11 10:44:00,0.549999999999983
2019-01-14 09:20:00,27378.95,27400,3,BANKNIFTY17JAN1927400CE.NFO,141.3,118.5,2019-01-14 15:10:00,BANKNIFTY17JAN1927400PE.NFO,221.9,216.0,2019-01-14 15:10:00,28.700000000000017
2019-01-15 09:20:00,27436.95,27400,2,BANKNIFTY17JAN1927400CE.NFO,138.1,165.72,2019-01-15 11:30:00,BANKNIFTY17JAN1927400PE.NFO,160.35,112.6,2019-01-15 15:10:00,20.129999999999995
2019-01-16 09:20:00,27543.05,27500,1,BANKNIFTY17JAN1927500CE.NFO,99.3,119.16,2019-01-16 09:30:00,BANKNIFTY17JAN1927500PE.NFO,127.25,83.45,2019-01-16 15:10:00,23.939999999999998
2019-01-17 09:20:00,27584.0,27600,0,BANKNIFTY17JAN1927600CE.NFO,26.0,0.1,2019-01-17 15:10:00,BANKNIFTY17JAN1927600PE.NFO,98.5,118.2,2019-01-17 10:30:00,6.199999999999996
2019-01-18 09:20:00,27591.0,27600,6,BANKNIFTY24JAN1927600CE.NFO,166.05,151.3,2019-01-18 15:10:00,BANKNIFTY24JAN1927600PE.NFO,207.45,248.94,2019-01-18 09:28:00,-26.74000000000001
2019-01-21 09:20:00,27476.2,27500,3,BANKNIFTY24JAN1927500CE.NFO,151.3,181.56,2019-01-21 09:40:00,BANKNIFTY24JAN1927500PE.NFO,202.45,143.3,2019-01-21 15:10:00,28.889999999999986
2019-01-22 09:20:00,27493.85,27500,2,BANKNIFTY24JAN1927500CE.NFO,141.45,142.85,2019-01-22 15:10:00,BANKNIFTY24JAN1927500PE.NFO,176.25,141.55,2019-01-22 15:10:00,33.29999999999998
2019-01-23 09:20:00,27569.1,27500,1,BANKNIFTY24JAN1927500CE.NFO,148.0,31.2,2019-01-23 15:10:00,BANKNIFTY24JAN1927500PE.NFO,107.1,128.51999999999998,2019-01-23 14:29:00,95.38000000000001
2019-01-24 09:20:00,27278.35,27300,0,BANKNIFTY24JAN1927300CE.NFO,36.8,44.16,2019-01-24 10:46:00,BANKNIFTY24JAN1927300PE.NFO,91.45,109.74000000000001,2019-01-24 09:24:00,-25.650000000000006
2019-01-25 09:20:00,27463.0,27400,6,BANKNIFTY31JAN1927400CE.NFO,224.35,109.75,2019-01-25 15:10:00,BANKNIFTY31JAN1927400PE.NFO,165.2,198.23999999999998,2019-01-25 13:36:00,81.56
2019-01-28 09:20:00,27114.05,27100,3,BANKNIFTY31JAN1927100CE.NFO,204.0,59.95,2019-01-28 15:10:00,BANKNIFTY31JAN1927100PE.NFO,182.0,218.4,2019-01-28 09:34:00,107.65
2019-01-29 09:20:00,26658.0,26700,2,BANKNIFTY31JAN1926700CE.NFO,174.1,208.92,2019-01-29 09:27:00,BANKNIFTY31JAN1926700PE.NFO,220.0,264.0,2019-01-29 13:19:00,-78.82
2019-01-30 09:20:00,26775.05,26800,1,BANKNIFTY31JAN1926800CE.NFO,129.4,155.28,2019-01-30 14:19:00,BANKNIFTY31JAN1926800PE.NFO,152.1,182.51999999999998,2019-01-30 10:39:00,-56.29999999999998
2019-01-31 09:20:00,26917.0,26900,0,BANKNIFTY31JAN1926900CE.NFO,79.6,95.52,2019-01-31 11:00:00,BANKNIFTY31JAN1926900PE.NFO,63.85,0.35,2019-01-31 15:10:00,47.58
2019-02-01 09:20:00,27342.5,27400,6,BANKNIFTY07FEB1927400CE.NFO,196.0,235.2,2019-02-01 12:31:00,BANKNIFTY07FEB1927400PE.NFO,343.0,411.6,2019-02-01 14:05:00,-107.80000000000001
2019-02-04 09:20:00,26946.35,27000,3,BANKNIFTY07FEB1927000CE.NFO,140.65,168.78,2019-02-04 11:59:00,BANKNIFTY07FEB1927000PE.NFO,249.7,95.15,2019-02-04 15:10:00,126.41999999999999
2019-02-05 09:20:00,27281.8,27300,2,BANKNIFTY07FEB1927300CE.NFO,123.05,147.66,2019-02-05 10:03:00,BANKNIFTY07FEB1927300PE.NFO,206.85,152.45,2019-02-05 15:10:00,29.790000000000006
2019-02-06 09:20:00,27405.0,27400,1,BANKNIFTY07FEB1927400CE.NFO,108.95,130.74,2019-02-06 09:25:00,BANKNIFTY07FEB1927400PE.NFO,169.0,130.0,2019-02-06 15:10:00,17.209999999999994
2019-02-07 09:20:00,27489.1,27500,0,BANKNIFTY07FEB1927500CE.NFO,76.0,91.2,2019-02-07 11:26:00,BANKNIFTY07FEB1927500PE.NFO,149.85,42.5,2019-02-07 15:10:00,92.14999999999999
2019-02-08 09:20:00,27345.15,27300,6,BANKNIFTY14FEB1927300CE.NFO,197.25,236.7,2019-02-08 13:43:00,BANKNIFTY14FEB1927300PE.NFO,204.75,171.2,2019-02-08 15:10:00,-5.899999999999977
2019-02-11 09:20:00,27243.95,27300,3,BANKNIFTY14FEB1927300CE.NFO,120.6,144.72,2019-02-11 14:20:00,BANKNIFTY14FEB1927300PE.NFO,219.8,178.05,2019-02-11 15:10:00,17.629999999999995
2019-02-12 09:20:00,27365.0,27400,2,BANKNIFTY14FEB1927400CE.NFO,98.65,26.35,2019-02-12 15:10:00,BANKNIFTY14FEB1927400PE.NFO,176.0,211.2,2019-02-12 12:53:00,37.10000000000002
2019-02-13 09:20:00,27159.0,27200,1,BANKNIFTY14FEB1927200CE.NFO,71.6,20.3,2019-02-13 15:10:00,BANKNIFTY14FEB1927200PE.NFO,160.85,193.01999999999998,2019-02-13 09:43:00,19.13000000000001
2019-02-14 09:20:00,26923.4,26900,0,BANKNIFTY14FEB1926900CE.NFO,46.3,55.559999999999995,2019-02-14 09:30:00,BANKNIFTY14FEB1926900PE.NFO,92.6,0.55,2019-02-14 15:10:00,82.78999999999999
2019-02-15 09:20:00,26930.55,27000,6,BANKNIFTY21FEB1927000CE.NFO,161.1,119.95,2019-02-15 15:10:00,BANKNIFTY21FEB1927000PE.NFO,272.3,326.76,2019-02-15 11:00:00,-13.309999999999988
2019-02-18 09:20:00,26879.55,26900,3,BANKNIFTY21FEB1926900CE.NFO,158.15,102.75,2019-02-18 15:10:00,BANKNIFTY21FEB1926900PE.NFO,224.5,269.4,2019-02-18 10:55:00,10.500000000000028
2019-02-19 09:20:00,26800.0,26800,2,BANKNIFTY21FEB1926800CE.NFO,151.1,181.32,2019-02-19 09:51:00,BANKNIFTY21FEB1926800PE.NFO,198.95,185.4,2019-02-19 15:10:00,-16.670000000000016
2019-02-20 09:20:00,26884.95,26900,1,BANKNIFTY21FEB1926900CE.NFO,87.45,104.94,2019-02-20 09:30:00,BANKNIFTY21FEB1926900PE.NFO,149.55,56.65,2019-02-20 15:10:00,75.41000000000001
2019-02-21 09:20:00,27086.0,27100,0,BANKNIFTY21FEB1927100CE.NFO,36.7,44.040000000000006,2019-02-21 09:23:00,BANKNIFTY21FEB1927100PE.NFO,102.6,56.0,2019-02-21 15:10:00,39.25999999999999
2019-02-22 09:20:00,27035.0,27000,6,BANKNIFTY28FEB1927000CE.NFO,209.5,147.55,2019-02-22 15:10:00,BANKNIFTY28FEB1927000PE.NFO,173.75,208.5,2019-02-22 11:57:00,27.19999999999999
2019-02-26 09:20:00,26867.7,26900,2,BANKNIFTY28FEB1926900CE.NFO,139.65,167.58,2019-02-26 09:25:00,BANKNIFTY28FEB1926900PE.NFO,175.4,210.48000000000002,2019-02-26 09:42:00,-63.01000000000002
2019-02-27 09:20:00,27163.4,27100,1,BANKNIFTY28FEB1927100CE.NFO,140.65,31.85,2019-02-27 15:10:00,BANKNIFTY28FEB1927100PE.NFO,86.0,103.2,2019-02-27 11:18:00,91.60000000000001
2019-02-28 09:20:00,26891.25,26900,0,BANKNIFTY28FEB1926900CE.NFO,75.4,0.3,2019-02-28 15:10:00,BANKNIFTY28FEB1926900PE.NFO,85.55,102.66,2019-02-28 09:40:00,57.99000000000001
2019-03-01 09:20:00,27122.0,27100,6,BANKNIFTY07MAR1927100CE.NFO,157.35,172.0,2019-03-01 15:10:00,BANKNIFTY07MAR1927100PE.NFO,228.15,174.05,2019-03-01 15:10:00,39.44999999999999
2019-03-05 09:20:00,27156.1,27200,2,BANKNIFTY07MAR1927200CE.NFO,81.85,98.22,2019-03-05 10:35:00,BANKNIFTY07MAR1927200PE.NFO,233.0,38.0,2019-03-05 15:10:00,178.63
2019-03-06 09:20:00,27661.85,27700,1,BANKNIFTY07MAR1927700CE.NFO,51.7,62.040000000000006,2019-03-06 09:25:00,BANKNIFTY07MAR1927700PE.NFO,196.8,236.16000000000003,2019-03-06 13:02:00,-49.70000000000002
2019-03-07 09:20:00,27642.0,27700,0,BANKNIFTY07MAR1927700CE.NFO,15.45,18.54,2019-03-07 10:13:00,BANKNIFTY07MAR1927700PE.NFO,149.6,0.35,2019-03-07 15:10:00,146.16
2019-03-08 09:20:00,27775.35,27800,6,BANKNIFTY14MAR1927800CE.NFO,133.35,160.01999999999998,2019-03-08 11:24:00,BANKNIFTY14MAR1927800PE.NFO,235.15,169.0,2019-03-08 15:10:00,39.48000000000002
2019-03-11 09:20:00,28010.0,28000,3,BANKNIFTY14MAR1928000CE.NFO,122.7,147.24,2019-03-11 09:38:00,BANKNIFTY14MAR1928000PE.NFO,184.65,137.85,2019-03-11 15:10:00,22.260000000000005
2019-03-12 09:20:00,28250.05,28200,2,BANKNIFTY14MAR1928200CE.NFO,111.95,134.34,2019-03-12 10:12:00,BANKNIFTY14MAR1928200PE.NFO,137.3,48.3,2019-03-12 15:10:00,66.61000000000001
2019-03-13 09:20:00,28465.95,28500,1,BANKNIFTY14MAR1928500CE.NFO,73.9,88.68,2019-03-13 09:26:00,BANKNIFTY14MAR1928500PE.NFO,179.1,18.75,2019-03-13 15:10:00,145.57
2019-03-14 09:20:00,29076.25,29100,0,BANKNIFTY14MAR1929100CE.NFO,61.45,0.15,2019-03-14 15:10:00,BANKNIFTY14MAR1929100PE.NFO,131.45,157.73999999999998,2019-03-14 10:13:00,35.01000000000001
2019-03-15 09:20:00,29227.85,29200,6,BANKNIFTY20MAR1929200CE.NFO,231.65,277.98,2019-03-15 09:36:00,BANKNIFTY20MAR1929200PE.NFO,228.85,139.05,2019-03-15 15:10:00,43.46999999999997
2019-03-18 09:20:00,29813.2,29800,3,BANKNIFTY20MAR1929800CE.NFO,240.0,114.5,2019-03-18 15:10:00,BANKNIFTY20MAR1929800PE.NFO,246.15,295.38,2019-03-18 10:13:00,76.27000000000001
2019-03-19 09:20:00,29613.65,29600,2,BANKNIFTY20MAR1929600CE.NFO,188.75,226.5,2019-03-19 09:29:00,BANKNIFTY20MAR1929600PE.NFO,202.95,45.0,2019-03-19 15:10:00,120.19999999999999
2019-03-20 09:20:00,29725.0,29700,1,BANKNIFTY20MAR1929700CE.NFO,72.0,86.4,2019-03-20 09:48:00,BANKNIFTY20MAR1929700PE.NFO,88.6,0.2,2019-03-20 15:10:00,73.99999999999999
2019-03-22 09:20:00,30024.95,30000,6,BANKNIFTY28MAR1930000CE.NFO,265.2,89.9,2019-03-22 15:10:00,BANKNIFTY28MAR1930000PE.NFO,228.2,273.84,2019-03-22 10:31:00,129.66
2019-03-25 09:20:00,29297.0,29300,3,BANKNIFTY28MAR1929300CE.NFO,204.7,176.4,2019-03-25 15:10:00,BANKNIFTY28MAR1929300PE.NFO,207.9,183.65,2019-03-25 15:10:00,52.54999999999998
2019-03-26 09:20:00,29379.85,29400,2,BANKNIFTY28MAR1929400CE.NFO,143.9,172.68,2019-03-26 09:32:00,BANKNIFTY28MAR1929400PE.NFO,164.3,29.6,2019-03-26 15:10:00,105.92000000000002
2019-03-27 09:20:00,30175.0,30200,1,BANKNIFTY28MAR1930200CE.NFO,156.45,187.73999999999998,2019-03-27 12:24:00,BANKNIFTY28MAR1930200PE.NFO,169.55,203.46,2019-03-27 09:36:00,-65.19999999999999
2019-03-28 09:20:00,30022.2,30000,0,BANKNIFTY28MAR1930000CE.NFO,97.45,116.94,2019-03-28 09:46:00,BANKNIFTY28MAR1930000PE.NFO,82.1,0.25,2019-03-28 15:10:00,62.36
2019-03-29 09:20:00,30591.0,30600,6,BANKNIFTY04APR1930600CE.NFO,291.75,245.45,2019-03-29 15:10:00,BANKNIFTY04APR1930600PE.NFO,386.8,464.16,2019-03-29 09:39:00,-31.060000000000002
2019-04-01 09:20:00,30738.05,30700,3,BANKNIFTY04APR1930700CE.NFO,270.05,158.0,2019-04-01 15:10:00,BANKNIFTY04APR1930700PE.NFO,309.5,371.4,2019-04-01 15:07:00,50.150000000000034
2019-04-02 09:20:00,30356.95,30400,2,BANKNIFTY04APR1930400CE.NFO,189.9,227.88,2019-04-02 11:24:00,BANKNIFTY04APR1930400PE.NFO,320.2,215.95,2019-04-02 15:10:00,66.27000000000001
2019-04-03 09:20:00,30718.8,30700,1,BANKNIFTY04APR1930700CE.NFO,147.9,26.2,2019-04-03 15:10:00,BANKNIFTY04APR1930700PE.NFO,224.65,269.58000000000004,2019-04-03 11:34:00,76.76999999999997
2019-04-04 09:20:00,30269.15,30300,0,BANKNIFTY04APR1930300CE.NFO,51.75,62.1,2019-04-04 09:32:00,BANKNIFTY04APR1930300PE.NFO,211.25,253.5,2019-04-04 11:53:00,-52.6
2019-04-05 09:20:00,30255.55,30200,6,BANKNIFTY11APR1930200CE.NFO,216.85,176.05,2019-04-05 15:10:00,BANKNIFTY11APR1930200PE.NFO,265.45,318.53999999999996,2019-04-05 11:13:00,-12.289999999999992
2019-04-08 09:20:00,30329.4,30300,3,BANKNIFTY11APR1930300CE.NFO,159.65,64.6,2019-04-08 15:10:00,BANKNIFTY11APR1930300PE.NFO,271.65,325.97999999999996,2019-04-08 13:02:00,40.72000000000003
2019-04-09 09:20:00,29965.0,30000,2,BANKNIFTY11APR1930000CE.NFO,116.05,139.26,2019-04-09 09:49:00,BANKNIFTY11APR1930000PE.NFO,291.05,113.4,2019-04-09 15:10:00,154.44
2019-04-10 09:20:00,30253.65,30300,1,BANKNIFTY11APR1930300CE.NFO,95.8,15.9,2019-04-10 15:10:00,BANKNIFTY11APR1930300PE.NFO,273.15,327.78,2019-04-10 13:29:00,25.269999999999996
2019-04-11 09:20:00,29930.0,29900,0,BANKNIFTY11APR1929900CE.NFO,44.4,0.2,2019-04-11 15:10:00,BANKNIFTY11APR1929900PE.NFO,154.7,185.64,2019-04-11 10:00:00,13.259999999999998
2019-04-12 09:20:00,29946.4,30000,6,BANKNIFTY18APR1930000CE.NFO,181.8,218.16000000000003,2019-04-12 14:17:00,BANKNIFTY18APR1930000PE.NFO,304.8,199.0,2019-04-12 15:10:00,69.44
2019-04-15 09:20:00,30108.65,30100,3,BANKNIFTY18APR1930100CE.NFO,157.5,189.0,2019-04-15 10:16:00,BANKNIFTY18APR1930100PE.NFO,220.2,144.55,2019-04-15 15:10:00,44.14999999999998
2019-04-16 09:20:00,30356.75,30300,2,BANKNIFTY18APR1930300CE.NFO,128.25,153.9,2019-04-16 09:51:00,BANKNIFTY18APR1930300PE.NFO,140.4,37.95,2019-04-16 15:10:00,76.8
2019-04-18 09:20:00,30647.0,30600,0,BANKNIFTY18APR1930600CE.NFO,81.0,0.1,2019-04-18 15:10:00,BANKNIFTY18APR1930600PE.NFO,69.5,83.4,2019-04-18 09:33:00,67.0
2019-04-22 09:20:00,29970.0,30000,3,BANKNIFTY25APR1930000CE.NFO,209.0,105.55,2019-04-22 15:10:00,BANKNIFTY25APR1930000PE.NFO,240.7,288.84,2019-04-22 14:29:00,55.31000000000002
2019-04-23 09:20:00,29887.6,29900,2,BANKNIFTY25APR1929900CE.NFO,182.45,46.25,2019-04-23 15:10:00,BANKNIFTY25APR1929900PE.NFO,190.25,228.3,2019-04-23 09:52:00,98.14999999999998
2019-04-24 09:20:00,29627.75,29600,1,BANKNIFTY25APR1929600CE.NFO,156.5,187.8,2019-04-24 14:31:00,BANKNIFTY25APR1929600PE.NFO,134.05,160.86,2019-04-24 09:26:00,-58.110000000000014
2019-04-25 09:20:00,29930.05,29900,0,BANKNIFTY25APR1929900CE.NFO,96.8,116.16,2019-04-25 09:30:00,BANKNIFTY25APR1929900PE.NFO,69.65,83.58000000000001,2019-04-25 12:39:00,-33.290000000000006
2019-04-26 09:20:00,29828.3,29800,6,BANKNIFTY02MAY1929800CE.NFO,160.0,192.0,2019-04-26 13:57:00,BANKNIFTY02MAY1929800PE.NFO,251.9,302.28000000000003,2019-04-26 10:36:00,-82.38000000000002
2019-04-30 09:20:00,29989.0,30000,2,BANKNIFTY02MAY1930000CE.NFO,100.75,51.9,2019-04-30 15:10:00,BANKNIFTY02MAY1930000PE.NFO,239.85,287.82,2019-04-30 09:41:00,0.8800000000000026
2019-05-02 09:20:00,29796.05,29800,0,BANKNIFTY02MAY1929800CE.NFO,58.45,70.14,2019-05-02 09:40:00,BANKNIFTY02MAY1929800PE.NFO,145.75,85.75,2019-05-02 15:10:00,48.31
2019-05-03 09:20:00,29931.2,29900,6,BANKNIFTY09MAY1929900CE.NFO,217.0,260.4,2019-05-03 10:15:00,BANKNIFTY09MAY1929900PE.NFO,262.0,187.45,2019-05-03 15:10:00,31.150000000000034
2019-05-06 09:20:00,29725.0,29700,3,BANKNIFTY09MAY1929700CE.NFO,190.6,228.72,2019-05-06 09:55:00,BANKNIFTY09MAY1929700PE.NFO,243.0,192.75,2019-05-06 15:10:00,12.129999999999995
2019-05-07 09:20:00,29898.9,29900,2,BANKNIFTY09MAY1929900CE.NFO,145.6,32.15,2019-05-07 15:10:00,BANKNIFTY09MAY1929900PE.NFO,243.0,291.6,2019-05-07 11:11:00,64.84999999999997
2019-05-08 09:20:00,29312.05,29300,1,BANKNIFTY09MAY1929300CE.NFO,136.9,34.8,2019-05-08 15:10:00,BANKNIFTY09MAY1929300PE.NFO,207.9,249.48000000000002,2019-05-08 11:41:00,60.519999999999996
2019-05-09 09:20:00,29035.65,29000,0,BANKNIFTY09MAY1929000CE.NFO,63.7,76.44,2019-05-09 10:45:00,BANKNIFTY09MAY1929000PE.NFO,129.8,155.76000000000002,2019-05-09 13:49:00,-38.7
2019-05-10 09:20:00,29131.05,29100,6,BANKNIFTY16MAY1929100CE.NFO,268.85,240.35,2019-05-10 15:10:00,BANKNIFTY16MAY1929100PE.NFO,298.8,358.56,2019-05-10 09:50:00,-31.259999999999962
2019-05-13 09:20:00,29010.0,29000,3,BANKNIFTY16MAY1929000CE.NFO,249.8,110.4,2019-05-13 15:10:00,BANKNIFTY16MAY1929000PE.NFO,282.05,338.46000000000004,2019-05-13 15:03:00,82.98999999999998
2019-05-14 09:20:00,28732.05,28700,2,BANKNIFTY16MAY1928700CE.NFO,220.0,264.0,2019-05-14 13:16:00,BANKNIFTY16MAY1928700PE.NFO,242.3,112.1,2019-05-14 15:10:00,86.20000000000002
2019-05-15 09:20:00,29007.5,29000,1,BANKNIFTY16MAY1929000CE.NFO,140.9,18.1,2019-05-15 15:10:00,BANKNIFTY16MAY1929000PE.NFO,187.3,224.76000000000002,2019-05-15 12:45:00,85.34
2019-05-16 09:20:00,28651.05,28600,0,BANKNIFTY16MAY1928600CE.NFO,93.35,112.02,2019-05-16 14:05:00,BANKNIFTY16MAY1928600PE.NFO,97.5,117.0,2019-05-16 10:34:00,-38.17
2019-05-17 09:20:00,29081.55,29000,6,BANKNIFTY23MAY1929000CE.NFO,721.25,865.5,2019-05-17 13:50:00,BANKNIFTY23MAY1929000PE.NFO,684.25,590.65,2019-05-17 15:10:00,-50.64999999999998
2019-05-20 09:20:00,30249.65,30200,3,BANKNIFTY23MAY1930200CE.NFO,641.0,769.2,2019-05-20 12:15:00,BANKNIFTY23MAY1930200PE.NFO,603.95,368.15,2019-05-20 15:10:00,107.60000000000002
2019-05-21 09:20:00,30920.0,30900,2,BANKNIFTY23MAY1930900CE.NFO,593.0,390.05,2019-05-21 15:10:00,BANKNIFTY23MAY1930900PE.NFO,574.65,689.5799999999999,2019-05-21 09:32:00,88.02000000000004
2019-05-22 09:20:00,30500.0,30400,1,BANKNIFTY23MAY1930400CE.NFO,660.25,792.3,2019-05-22 10:40:00,BANKNIFTY23MAY1930400PE.NFO,570.35,684.4200000000001,2019-05-22 12:37:00,-246.12
2019-05-23 09:20:00,31252.45,31200,0,BANKNIFTY23MAY1931200CE.NFO,427.4,512.88,2019-05-23 10:41:00,BANKNIFTY23MAY1931200PE.NFO,384.9,461.88,2019-05-23 14:01:00,-162.46000000000004
2019-05-24 09:20:00,30747.8,30800,6,BANKNIFTY30MAY1930800CE.NFO,268.15,321.78,2019-05-24 12:49:00,BANKNIFTY30MAY1930800PE.NFO,321.4,385.67999999999995,2019-05-24 09:32:00,-117.90999999999997
2019-05-27 09:20:00,31288.75,31300,3,BANKNIFTY30MAY1931300CE.NFO,257.1,308.52000000000004,2019-05-27 09:25:00,BANKNIFTY30MAY1931300PE.NFO,265.55,122.45,2019-05-27 15:10:00,91.68
2019-05-28 09:20:00,31641.85,31700,2,BANKNIFTY30MAY1931700CE.NFO,199.65,142.65,2019-05-28 15:10:00,BANKNIFTY30MAY1931700PE.NFO,244.35,293.22,2019-05-28 09:35:00,8.129999999999967
2019-05-29 09:20:00,31505.95,31500,1,BANKNIFTY30MAY1931500CE.NFO,160.25,51.1,2019-05-29 15:10:00,BANKNIFTY30MAY1931500PE.NFO,150.45,180.54,2019-05-29 09:49:00,79.06
2019-05-30 09:20:00,31305.0,31300,0,BANKNIFTY30MAY1931300CE.NFO,95.45,114.54,2019-05-30 09:41:00,BANKNIFTY30MAY1931300PE.NFO,87.2,0.65,2019-05-30 15:10:00,67.46
2019-05-31 09:20:00,31751.0,31700,6,BANKNIFTY06JUN1931700CE.NFO,280.7,101.2,2019-05-31 15:10:00,BANKNIFTY06JUN1931700PE.NFO,291.45,349.74,2019-05-31 11:51:00,121.20999999999998
2019-06-03 09:20:00,31327.55,31300,3,BANKNIFTY06JUN1931300CE.NFO,243.75,292.5,2019-06-03 09:27:00,BANKNIFTY06JUN1931300PE.NFO,249.4,86.05,2019-06-03 15:10:00,114.60000000000002
2019-06-04 09:20:00,31692.3,31700,2,BANKNIFTY06JUN1931700CE.NFO,175.0,106.85,2019-06-04 15:10:00,BANKNIFTY06JUN1931700PE.NFO,220.7,199.0,2019-06-04 15:10:00,89.85
2019-06-06 09:20:00,31541.7,31500,0,BANKNIFTY06JUN1931500CE.NFO,124.4,0.15,2019-06-06 15:10:00,BANKNIFTY06JUN1931500PE.NFO,113.35,136.01999999999998,2019-06-06 09:33:00,101.58000000000001
2019-06-07 09:20:00,30893.4,30900,6,BANKNIFTY13JUN1930900CE.NFO,232.55,279.06,2019-06-07 10:05:00,BANKNIFTY13JUN1930900PE.NFO,273.15,327.78,2019-06-07 09:25:00,-101.13999999999999
2019-06-10 09:20:00,31384.0,31400,3,BANKNIFTY13JUN1931400CE.NFO,182.25,68.15,2019-06-10 15:10:00,BANKNIFTY13JUN1931400PE.NFO,226.85,272.22,2019-06-10 09:36:00,68.72999999999996
2019-06-11 09:20:00,31034.5,31100,2,BANKNIFTY13JUN1931100CE.NFO,171.95,206.33999999999997,2019-06-11 10:01:00,BANKNIFTY13JUN1931100PE.NFO,254.5,109.8,2019-06-11 15:10:00,110.31
2019-06-12 09:20:00,31126.9,31100,1,BANKNIFTY13JUN1931100CE.NFO,162.5,49.8,2019-06-12 15:10:00,BANKNIFTY13JUN1931100PE.NFO,142.3,170.76000000000002,2019-06-12 10:06:00,84.24
2019-06-13 09:20:00,30921.05,30900,0,BANKNIFTY13JUN1930900CE.NFO,84.9,61.95,2019-06-13 15:10:00,BANKNIFTY13JUN1930900PE.NFO,86.2,103.44,2019-06-13 09:33:00,5.710000000000008
2019-06-14 09:20:00,30972.5,31000,6,BANKNIFTY20JUN1931000CE.NFO,215.0,90.95,2019-06-14 15:10:00,BANKNIFTY20JUN1931000PE.NFO,269.4,323.28,2019-06-14 09:25:00,70.17
2019-06-17 09:20:00,30452.6,30500,3,BANKNIFTY20JUN1930500CE.NFO,196.4,112.05,2019-06-17 15:10:00,BANKNIFTY20JUN1930500PE.NFO,281.95,308.5,2019-06-17 15:10:00,57.8
2019-06-18 09:20:00,30412.0,30400,2,BANKNIFTY20JUN1930400CE.NFO,176.1,211.32,2019-06-18 11:44:00,BANKNIFTY20JUN1930400PE.NFO,202.6,243.12,2019-06-18 09:30:00,-75.74000000000001
2019-06-19 09:20:00,30612.4,30600,1,BANKNIFTY20JUN1930600CE.NFO,126.5,29.3,2019-06-19 15:10:00,BANKNIFTY20JUN1930600PE.NFO,151.15,181.38,2019-06-19 11:43:00,66.97000000000001
2019-06-20 09:20:00,30305.0,30300,0,BANKNIFTY20JUN1930300CE.NFO,83.65,100.38000000000001,2019-06-20 09:40:00,BANKNIFTY20JUN1930300PE.NFO,115.1,0.15,2019-06-20 15:10:00,98.21999999999998
2019-06-21 09:20:00,30680.0,30700,6,BANKNIFTY27JUN1930700CE.NFO,249.9,199.3,2019-06-21 15:10:00,BANKNIFTY27JUN1930700PE.NFO,278.95,334.74,2019-06-21 14:00:00,-5.190000000000026
2019-06-24 09:20:00,30661.05,30700,3,BANKNIFTY27JUN1930700CE.NFO,201.0,241.2,2019-06-24 09:30:00,BANKNIFTY27JUN1930700PE.NFO,245.5,250.35,2019-06-24 15:10:00,-45.04999999999998
2019-06-25 09:20:00,30493.9,30500,2,BANKNIFTY27JUN1930500CE.NFO,185.2,222.23999999999998,2019-06-25 09:56:00,BANKNIFTY27JUN1930500PE.NFO,198.0,45.9,2019-06-25 15:10:00,115.06
2019-06-26 09:20:00,30881.0,30900,1,BANKNIFTY27JUN1930900CE.NFO,141.7,170.04,2019-06-26 09:38:00,BANKNIFTY27JUN1930900PE.NFO,161.7,28.3,2019-06-26 15:10:00,105.05999999999997
2019-06-27 09:20:00,31289.95,31300,0,BANKNIFTY27JUN1931300CE.NFO,88.5,106.2,2019-06-27 10:16:00,BANKNIFTY27JUN1931300PE.NFO,91.0,109.2,2019-06-27 09:26:00,-35.900000000000006
2019-06-28 09:20:00,31342.1,31400,6,BANKNIFTY04JUL1931400CE.NFO,212.0,152.15,2019-06-28 15:10:00,BANKNIFTY04JUL1931400PE.NFO,338.45,362.6,2019-06-28 15:10:00,35.69999999999996
2019-07-01 09:20:00,31414.0,31400,3,BANKNIFTY04JUL1931400CE.NFO,196.15,204.65,2019-07-01 15:10:00,BANKNIFTY04JUL1931400PE.NFO,261.0,170.0,2019-07-01 15:10:00,82.5
2019-07-02 09:20:00,31460.0,31500,2,BANKNIFTY04JUL1931500CE.NFO,130.5,82.35,2019-07-02 15:10:00,BANKNIFTY04JUL1931500PE.NFO,247.1,296.52,2019-07-02 09:59:00,-1.2699999999999818
2019-07-03 09:20:00,31374.85,31400,1,BANKNIFTY04JUL1931400CE.NFO,100.95,121.14,2019-07-03 09:25:00,BANKNIFTY04JUL1931400PE.NFO,200.85,97.75,2019-07-03 15:10:00,82.91
2019-07-04 09:20:00,31568.6,31600,0,BANKNIFTY04JUL1931600CE.NFO,43.45,52.14,2019-07-04 09:24:00,BANKNIFTY04JUL1931600PE.NFO,153.3,96.4,2019-07-04 15:10:00,48.21000000000001
2019-07-05 09:20:00,31600.0,31600,6,BANKNIFTY11JUL1931600CE.NFO,273.0,162.0,2019-07-05 15:10:00,BANKNIFTY11JUL1931600PE.NFO,325.2,390.24,2019-07-05 13:08:00,45.95999999999998
2019-07-08 09:20:00,31185.0,31200,3,BANKNIFTY11JUL1931200CE.NFO,174.55,35.3,2019-07-08 15:10:00,BANKNIFTY11JUL1931200PE.NFO,222.15,266.58000000000004,2019-07-08 10:34:00,94.81999999999996
2019-07-09 09:20:00,30460.0,30500,2,BANKNIFTY11JUL1930500CE.NFO,137.75,165.3,2019-07-09 09:27:00,BANKNIFTY11JUL1930500PE.NFO,229.2,110.45,2019-07-09 15:10:00,91.19999999999997
2019-07-10 09:20:00,30770.15,30800,1,BANKNIFTY11JUL1930800CE.NFO,98.75,20.85,2019-07-10 15:10:00,BANKNIFTY11JUL1930800PE.NFO,169.75,203.7,2019-07-10 09:33:00,43.95000000000002
2019-07-11 09:20:00,30653.05,30700,0,BANKNIFTY11JUL1930700CE.NFO,63.0,75.6,2019-07-11 14:22:00,BANKNIFTY11JUL1930700PE.NFO,95.7,114.84,2019-07-11 09:27:00,-31.739999999999995
2019-07-12 09:20:00,30714.95,30700,6,BANKNIFTY18JUL1930700CE.NFO,215.2,138.15,2019-07-12 15:10:00,BANKNIFTY18JUL1930700PE.NFO,213.5,256.2,2019-07-12 09:54:00,34.349999999999994
2019-07-15 09:20:00,30605.75,30600,3,BANKNIFTY18JUL1930600CE.NFO,180.9,99.35,2019-07-15 15:10:00,BANKNIFTY18JUL1930600PE.NFO,174.0,208.8,2019-07-15 09:33:00,46.75
2019-07-16 09:20:00,30475.35,30400,2,BANKNIFTY18JUL1930400CE.NFO,200.15,240.18,2019-07-16 09:35:00,BANKNIFTY18JUL1930400PE.NFO,132.4,58.35,2019-07-16 15:10:00,34.02000000000001
2019-07-17 09:20:00,30618.0,30600,1,BANKNIFTY18JUL1930600CE.NFO,124.2,149.04000000000002,2019-07-17 10:03:00,BANKNIFTY18JUL1930600PE.NFO,103.6,38.9,2019-07-17 15:10:00,39.85999999999997
2019-07-18 09:20:00,30718.35,30700,0,BANKNIFTY18JUL1930700CE.NFO,74.0,0.1,2019-07-18 15:10:00,BANKNIFTY18JUL1930700PE.NFO,64.4,77.28,2019-07-18 09:27:00,61.02000000000001
2019-07-19 09:20:00,30512.2,30500,6,BANKNIFTY25JUL1930500CE.NFO,202.75,23.55,2019-07-19 15:10:00,BANKNIFTY25JUL1930500PE.NFO,184.9,221.88,2019-07-19 09:31:00,142.22
2019-07-22 09:20:00,29426.1,29500,3,BANKNIFTY25JUL1929500CE.NFO,180.0,152.9,2019-07-22 15:10:00,BANKNIFTY25JUL1929500PE.NFO,260.55,312.66,2019-07-22 12:33:00,-25.01000000000002
2019-07-23 09:20:00,29271.8,29300,2,BANKNIFTY25JUL1929300CE.NFO,171.35,205.62,2019-07-23 09:58:00,BANKNIFTY25JUL1929300PE.NFO,202.9,243.48000000000002,2019-07-23 09:31:00,-74.85000000000002
2019-07-24 09:20:00,29270.15,29200,1,BANKNIFTY25JUL1929200CE.NFO,176.0,21.45,2019-07-24 15:10:00,BANKNIFTY25JUL1929200PE.NFO,102.65,123.18,2019-07-24 09:26:00,134.02
2019-07-25 09:20:00,29106.6,29100,0,BANKNIFTY25JUL1929100CE.NFO,90.75,108.9,2019-07-25 09:33:00,BANKNIFTY25JUL1929100PE.NFO,90.75,108.9,2019-07-25 12:12:00,-36.30000000000001
2019-07-26 09:20:00,29148.95,29200,6,BANKNIFTY01AUG1929200CE.NFO,183.1,219.72,2019-07-26 09:23:00,BANKNIFTY01AUG1929200PE.NFO,315.05,139.05,2019-07-26 15:10:00,139.38
2019-07-29 09:20:00,29482.55,29500,3,BANKNIFTY01AUG1929500CE.NFO,143.4,88.5,2019-07-29 15:10:00,BANKNIFTY01AUG1929500PE.NFO,254.0,304.8,2019-07-29 11:33:00,4.099999999999994
2019-07-30 09:20:00,29533.75,29500,2,BANKNIFTY01AUG1929500CE.NFO,136.35,13.35,2019-07-30 15:10:00,BANKNIFTY01AUG1929500PE.NFO,181.55,217.86,2019-07-30 10:17:00,86.69
2019-07-31 09:20:00,28740.85,28700,1,BANKNIFTY01AUG1928700CE.NFO,140.15,168.18,2019-07-31 09:36:00,BANKNIFTY01AUG1928700PE.NFO,184.75,221.7,2019-07-31 09:30:00,-64.97999999999999
2019-08-01 09:20:00,28845.0,28800,0,BANKNIFTY01AUG1928800CE.NFO,70.15,84.18,2019-08-01 09:32:00,BANKNIFTY01AUG1928800PE.NFO,138.2,165.83999999999997,2019-08-01 10:25:00,-41.66999999999999
2019-08-02 09:20:00,28185.15,28200,6,BANKNIFTY08AUG1928200CE.NFO,281.85,338.22,2019-08-02 11:59:00,BANKNIFTY08AUG1928200PE.NFO,374.95,255.5,2019-08-02 15:10:00,63.079999999999984
2019-08-05 09:20:00,27825.0,27900,3,BANKNIFTY08AUG1927900CE.NFO,217.05,260.46000000000004,2019-08-05 12:40:00,BANKNIFTY08AUG1927900PE.NFO,363.0,435.6,2019-08-05 09:31:00,-116.01000000000005
2019-08-06 09:20:00,27931.1,27900,2,BANKNIFTY08AUG1927900CE.NFO,262.95,315.53999999999996,2019-08-06 14:00:00,BANKNIFTY08AUG1927900PE.NFO,313.55,174.65,2019-08-06 15:10:00,86.31000000000003
2019-08-07 09:20:00,28095.75,28100,1,BANKNIFTY08AUG1928100CE.NFO,182.6,19.95,2019-08-07 15:10:00,BANKNIFTY08AUG1928100PE.NFO,271.55,325.86,2019-08-07 09:23:00,108.34
2019-08-08 09:20:00,27846.45,27900,0,BANKNIFTY08AUG1927900CE.NFO,59.45,71.34,2019-08-08 14:30:00,BANKNIFTY08AUG1927900PE.NFO,170.35,204.42,2019-08-08 09:30:00,-45.959999999999994
2019-08-09 09:20:00,28430.0,28400,6,BANKNIFTY14AUG1928400CE.NFO,253.15,303.78000000000003,2019-08-09 12:39:00,BANKNIFTY14AUG1928400PE.NFO,290.5,205.4,2019-08-09 15:10:00,34.46999999999997
2019-08-13 09:20:00,28239.25,28200,2,BANKNIFTY14AUG1928200CE.NFO,171.95,15.05,2019-08-13 15:10:00,BANKNIFTY14AUG1928200PE.NFO,182.8,219.36,2019-08-13 11:37:00,120.33999999999997
2019-08-14 09:20:00,27812.6,27800,1,BANKNIFTY14AUG1927800CE.NFO,117.25,140.7,2019-08-14 09:23:00,BANKNIFTY14AUG1927800PE.NFO,143.25,0.2,2019-08-14 15:10:00,119.60000000000002
2019-08-16 09:20:00,27768.25,27800,6,BANKNIFTY22AUG1927800CE.NFO,259.3,311.16,2019-08-16 10:40:00,BANKNIFTY22AUG1927800PE.NFO,312.05,119.0,2019-08-16 15:10:00,141.19
2019-08-19 09:20:00,28425.0,28400,3,BANKNIFTY22AUG1928400CE.NFO,229.6,125.7,2019-08-19 15:10:00,BANKNIFTY22AUG1928400PE.NFO,245.0,294.0,2019-08-19 09:40:00,54.89999999999999
2019-08-20 09:20:00,28145.0,28200,2,BANKNIFTY22AUG1928200CE.NFO,180.95,97.8,2019-08-20 15:10:00,BANKNIFTY22AUG1928200PE.NFO,250.85,301.02,2019-08-20 09:52:00,32.980000000000004
2019-08-21 09:20:00,27895.0,27900,1,BANKNIFTY22AUG1927900CE.NFO,166.5,199.8,2019-08-21 09:47:00,BANKNIFTY22AUG1927900PE.NFO,192.25,230.7,2019-08-21 14:00:00,-71.75
2019-08-22 09:20:00,27618.5,27600,0,BANKNIFTY22AUG1927600CE.NFO,115.75,0.25,2019-08-22 15:10:00,BANKNIFTY22AUG1927600PE.NFO,111.8,134.16,2019-08-22 09:50:00,93.14
2019-08-23 09:20:00,26646.95,26700,6,BANKNIFTY29AUG1926700CE.NFO,308.05,369.66,2019-08-23 10:02:00,BANKNIFTY29AUG1926700PE.NFO,361.65,191.75,2019-08-23 15:10:00,108.28999999999996
2019-08-26 09:20:00,27396.05,27400,3,BANKNIFTY29AUG1927400CE.NFO,285.2,342.24,2019-08-26 12:45:00,BANKNIFTY29AUG1927400PE.NFO,288.55,346.26,2019-08-26 09:31:00,-114.75
2019-08-27 09:20:00,28207.5,28200,2,BANKNIFTY29AUG1928200CE.NFO,254.35,174.6,2019-08-27 15:10:00,BANKNIFTY29AUG1928200PE.NFO,247.7,297.24,2019-08-27 09:36:00,30.20999999999998
2019-08-28 09:20:00,28074.75,28100,1,BANKNIFTY29AUG1928100CE.NFO,199.0,51.7,2019-08-28 15:10:00,BANKNIFTY29AUG1928100PE.NFO,224.1,268.92,2019-08-28 09:52:00,102.47999999999999
2019-08-29 09:20:00,27680.0,27700,0,BANKNIFTY29AUG1927700CE.NFO,112.85,0.2,2019-08-29 15:10:00,BANKNIFTY29AUG1927700PE.NFO,131.7,158.04,2019-08-29 09:24:00,86.30999999999999
2019-08-30 09:20:00,27487.95,27500,6,BANKNIFTY05SEP1927500CE.NFO,299.7,359.64,2019-08-30 09:39:00,BANKNIFTY05SEP1927500PE.NFO,359.3,431.16,2019-08-30 11:00:00,-131.8
2019-09-03 09:20:00,27082.95,27100,2,BANKNIFTY05SEP1927100CE.NFO,224.95,114.4,2019-09-03 15:10:00,BANKNIFTY05SEP1927100PE.NFO,295.25,354.3,2019-09-03 13:39:00,51.49999999999997
2019-09-04 09:20:00,26779.1,26800,1,BANKNIFTY05SEP1926800CE.NFO,168.7,202.44,2019-09-04 09:53:00,BANKNIFTY05SEP1926800PE.NFO,250.35,33.35,2019-09-04 15:10:00,183.26
2019-09-05 09:20:00,27311.5,27300,0,BANKNIFTY05SEP1927300CE.NFO,102.9,0.1,2019-09-05 15:10:00,BANKNIFTY05SEP1927300PE.NFO,148.1,177.72,2019-09-05 09:28:00,73.18
2019-09-06 09:20:00,27169.4,27200,6,BANKNIFTY12SEP1927200CE.NFO,272.05,326.46000000000004,2019-09-06 11:11:00,BANKNIFTY12SEP1927200PE.NFO,348.6,228.5,2019-09-06 15:10:00,65.69
2019-09-09 09:20:00,27078.0,27100,3,BANKNIFTY12SEP1927100CE.NFO,199.25,239.1,2019-09-09 09:51:00,BANKNIFTY12SEP1927100PE.NFO,281.75,68.2,2019-09-09 15:10:00,173.70000000000002
2019-09-11 09:20:00,27630.7,27600,1,BANKNIFTY12SEP1927600CE.NFO,160.85,193.01999999999998,2019-09-11 10:08:00,BANKNIFTY12SEP1927600PE.NFO,173.85,44.5,2019-09-11 15:10:00,97.18
2019-09-12 09:20:00,27958.15,28000,0,BANKNIFTY12SEP1928000CE.NFO,54.4,65.28,2019-09-12 09:32:00,BANKNIFTY12SEP1928000PE.NFO,149.5,149.1,2019-09-12 15:10:00,-10.479999999999997
2019-09-13 09:20:00,27886.05,27800,6,BANKNIFTY19SEP1927800CE.NFO,299.95,359.94,2019-09-13 14:23:00,BANKNIFTY19SEP1927800PE.NFO,236.85,284.22,2019-09-13 09:40:00,-107.36000000000004
2019-09-16 09:20:00,27850.7,27900,3,BANKNIFTY19SEP1927900CE.NFO,206.2,247.44,2019-09-16 09:27:00,BANKNIFTY19SEP1927900PE.NFO,269.0,230.0,2019-09-16 15:10:00,-2.240000000000009
2019-09-17 09:20:00,27799.95,27800,2,BANKNIFTY19SEP1927800CE.NFO,209.3,23.8,2019-09-17 15:10:00,BANKNIFTY19SEP1927800PE.NFO,226.05,271.26,2019-09-17 10:15:00,140.29000000000002
2019-09-18 09:20:00,27385.55,27400,1,BANKNIFTY19SEP1927400CE.NFO,166.25,73.4,2019-09-18 15:10:00,BANKNIFTY19SEP1927400PE.NFO,201.25,241.5,2019-09-18 09:30:00,52.599999999999994
2019-09-19 09:20:00,26989.3,27000,0,BANKNIFTY19SEP1927000CE.NFO,111.3,0.2,2019-09-19 15:10:00,BANKNIFTY19SEP1927000PE.NFO,138.6,166.32,2019-09-19 09:30:00,83.38
2019-09-20 09:20:00,26778.3,26800,6,BANKNIFTY26SEP1926800CE.NFO,302.85,363.42,2019-09-20 09:29:00,BANKNIFTY26SEP1926800PE.NFO,328.15,12.7,2019-09-20 15:10:00,254.88
2019-09-23 09:20:00,29888.45,29900,3,BANKNIFTY26SEP1929900CE.NFO,430.6,516.72,2019-09-23 09:45:00,BANKNIFTY26SEP1929900PE.NFO,435.0,522.0,2019-09-23 09:21:00,-173.12
2019-09-24 09:20:00,30550.0,30400,2,BANKNIFTY26SEP1930400CE.NFO,510.3,245.95,2019-09-24 15:10:00,BANKNIFTY26SEP1930400PE.NFO,369.6,443.52000000000004,2019-09-24 09:34:00,190.43
2019-09-25 09:20:00,29901.65,29900,1,BANKNIFTY26SEP1929900CE.NFO,265.85,81.0,2019-09-25 15:10:00,BANKNIFTY26SEP1929900PE.NFO,268.6,322.32000000000005,2019-09-25 10:17:00,131.13
2019-09-26 09:20:00,29801.0,29800,0,BANKNIFTY26SEP1929800CE.NFO,147.6,177.12,2019-09-26 09:25:00,BANKNIFTY26SEP1929800PE.NFO,146.05,0.7,2019-09-26 15:10:00,115.83000000000001
2019-09-27 09:20:00,29899.3,30000,6,BANKNIFTY03OCT1930000CE.NFO,373.3,447.96000000000004,2019-09-27 09:26:00,BANKNIFTY03OCT1930000PE.NFO,573.3,443.1,2019-09-27 15:10:00,55.53999999999991
2019-09-30 09:20:00,29910.1,29900,3,BANKNIFTY03OCT1929900CE.NFO,344.25,104.05,2019-09-30 15:10:00,BANKNIFTY03OCT1929900PE.NFO,432.55,519.0600000000001,2019-09-30 09:30:00,153.68999999999994
2019-10-01 09:20:00,29645.0,29600,2,BANKNIFTY03OCT1929600CE.NFO,248.1,36.15,2019-10-01 15:10:00,BANKNIFTY03OCT1929600PE.NFO,311.4,373.67999999999995,2019-10-01 09:43:00,149.67000000000002
2019-10-03 09:20:00,28453.15,28500,0,BANKNIFTY03OCT1928500CE.NFO,163.7,196.44,2019-10-03 09:26:00,BANKNIFTY03OCT1928500PE.NFO,346.25,85.3,2019-10-03 15:10:00,228.20999999999998
2019-10-04 09:20:00,28831.6,28800,6,BANKNIFTY10OCT1928800CE.NFO,485.25,109.85,2019-10-04 15:10:00,BANKNIFTY10OCT1928800PE.NFO,527.4,632.88,2019-10-04 11:34:00,269.91999999999996
2019-10-07 09:20:00,27732.75,27700,3,BANKNIFTY10OCT1927700CE.NFO,386.6,463.92,2019-10-07 09:40:00,BANKNIFTY10OCT1927700PE.NFO,432.95,260.85,2019-10-07 15:10:00,94.77999999999997
2019-10-09 09:20:00,27912.4,27900,1,BANKNIFTY10OCT1927900CE.NFO,246.25,295.5,2019-10-09 09:21:00,BANKNIFTY10OCT1927900PE.NFO,312.45,16.55,2019-10-09 15:10:00,246.64999999999998
2019-10-10 09:20:00,28593.2,28600,0,BANKNIFTY10OCT1928600CE.NFO,141.85,0.15,2019-10-10 15:10:00,BANKNIFTY10OCT1928600PE.NFO,216.75,260.1,2019-10-10 09:26:00,98.34999999999997
2019-10-11 09:20:00,28487.0,28500,6,BANKNIFTY17OCT1928500CE.NFO,422.2,506.64,2019-10-11 09:35:00,BANKNIFTY17OCT1928500PE.NFO,486.95,584.34,2019-10-11 10:33:00,-181.83000000000004
2019-10-14 09:20:00,28350.0,28400,3,BANKNIFTY17OCT1928400CE.NFO,396.25,475.5,2019-10-14 14:00:00,BANKNIFTY17OCT1928400PE.NFO,486.4,583.68,2019-10-14 09:26:00,-176.52999999999997
2019-10-15 09:20:00,28414.75,28400,2,BANKNIFTY17OCT1928400CE.NFO,338.95,406.74,2019-10-15 14:17:00,BANKNIFTY17OCT1928400PE.NFO,376.15,215.65,2019-10-15 15:10:00,92.70999999999995
2019-10-16 09:20:00,28687.25,28700,1,BANKNIFTY17OCT1928700CE.NFO,236.55,126.6,2019-10-16 15:10:00,BANKNIFTY17OCT1928700PE.NFO,298.6,358.32000000000005,2019-10-16 12:59:00,50.22999999999999
2019-10-17 09:20:00,28740.35,28700,0,BANKNIFTY17OCT1928700CE.NFO,156.8,188.16000000000003,2019-10-17 13:13:00,BANKNIFTY17OCT1928700PE.NFO,167.95,201.54,2019-10-17 09:25:00,-64.95000000000002
2019-10-18 09:20:00,28943.65,28900,6,BANKNIFTY24OCT1928900CE.NFO,386.1,463.32000000000005,2019-10-18 09:30:00,BANKNIFTY24OCT1928900PE.NFO,382.25,269.55,2019-10-18 15:10:00,35.47999999999996
2019-10-22 09:20:00,29277.05,29300,2,BANKNIFTY24OCT1929300CE.NFO,325.55,390.66,2019-10-22 09:26:00,BANKNIFTY24OCT1929300PE.NFO,378.9,201.05,2019-10-22 15:10:00,112.73999999999995
2019-10-23 09:20:00,29379.85,29400,1,BANKNIFTY24OCT1929400CE.NFO,223.8,268.56,2019-10-23 10:10:00,BANKNIFTY24OCT1929400PE.NFO,280.45,336.53999999999996,2019-10-23 09:26:00,-100.84999999999997
2019-10-24 09:20:00,29685.1,29700,0,BANKNIFTY24OCT1929700CE.NFO,133.45,0.2,2019-10-24 15:10:00,BANKNIFTY24OCT1929700PE.NFO,171.5,205.8,2019-10-24 09:58:00,98.94999999999999
2019-10-25 09:20:00,29185.5,29100,6,BANKNIFTY31OCT1929100CE.NFO,403.6,484.32000000000005,2019-10-25 15:00:00,BANKNIFTY31OCT1929100PE.NFO,310.65,372.78,2019-10-25 12:46:00,-142.85000000000002
2019-10-29 09:20:00,29480.4,29400,2,BANKNIFTY31OCT1929400CE.NFO,291.45,349.74,2019-10-29 10:00:00,BANKNIFTY31OCT1929400PE.NFO,210.95,75.0,2019-10-29 15:10:00,77.65999999999997
2019-10-30 09:20:00,29978.0,30000,1,BANKNIFTY31OCT1930000CE.NFO,204.65,245.58,2019-10-30 10:26:00,BANKNIFTY31OCT1930000PE.NFO,223.25,267.9,2019-10-30 09:33:00,-85.57999999999998
2019-10-31 09:20:00,30104.85,30100,0,BANKNIFTY31OCT1930100CE.NFO,146.35,175.62,2019-10-31 09:22:00,BANKNIFTY31OCT1930100PE.NFO,142.05,10.9,2019-10-31 15:10:00,101.88
2019-11-01 09:20:00,30150.0,30200,6,BANKNIFTY07NOV1930200CE.NFO,290.45,348.53999999999996,2019-11-01 10:05:00,BANKNIFTY07NOV1930200PE.NFO,420.15,282.45,2019-11-01 15:10:00,79.61000000000001
2019-11-04 09:20:00,30587.1,30600,3,BANKNIFTY07NOV1930600CE.NFO,240.95,156.0,2019-11-04 15:10:00,BANKNIFTY07NOV1930600PE.NFO,320.3,384.36,2019-11-04 11:44:00,20.889999999999986
2019-11-05 09:20:00,30385.0,30400,2,BANKNIFTY07NOV1930400CE.NFO,228.15,150.0,2019-11-05 15:10:00,BANKNIFTY07NOV1930400PE.NFO,303.5,364.2,2019-11-05 13:10:00,17.450000000000017
2019-11-06 09:20:00,30151.15,30100,1,BANKNIFTY07NOV1930100CE.NFO,188.35,226.01999999999998,2019-11-06 11:35:00,BANKNIFTY07NOV1930100PE.NFO,202.8,24.05,2019-11-06 15:10:00,141.08
2019-11-07 09:20:00,30799.0,30800,0,BANKNIFTY07NOV1930800CE.NFO,100.1,0.35,2019-11-07 15:10:00,BANKNIFTY07NOV1930800PE.NFO,157.8,189.36,2019-11-07 09:49:00,68.19
2019-11-08 09:20:00,30538.0,30500,6,BANKNIFTY14NOV1930500CE.NFO,314.5,377.4,2019-11-08 09:52:00,BANKNIFTY14NOV1930500PE.NFO,331.4,194.5,2019-11-08 15:10:00,74.0
2019-11-11 09:20:00,30714.0,30700,3,BANKNIFTY14NOV1930700CE.NFO,261.0,313.2,2019-11-11 09:25:00,BANKNIFTY14NOV1930700PE.NFO,296.95,122.7,2019-11-11 15:10:00,122.05000000000001
2019-11-13 09:20:00,31075.0,31100,1,BANKNIFTY14NOV1931100CE.NFO,191.0,18.95,2019-11-13 15:10:00,BANKNIFTY14NOV1931100PE.NFO,247.2,296.64,2019-11-13 10:35:00,122.61000000000001
2019-11-14 09:20:00,30552.0,30600,0,BANKNIFTY14NOV1930600CE.NFO,89.05,106.86,2019-11-14 10:43:00,BANKNIFTY14NOV1930600PE.NFO,163.2,195.83999999999997,2019-11-14 09:23:00,-50.44999999999999
2019-11-15 09:20:00,30937.7,30900,6,BANKNIFTY21NOV1930900CE.NFO,315.0,378.0,2019-11-15 10:12:00,BANKNIFTY21NOV1930900PE.NFO,305.8,233.65,2019-11-15 15:10:00,9.150000000000006
2019-11-18 09:20:00,31139.9,31100,3,BANKNIFTY21NOV1931100CE.NFO,291.5,203.9,2019-11-18 15:10:00,BANKNIFTY21NOV1931100PE.NFO,271.35,325.62,2019-11-18 09:59:00,33.33000000000001
2019-11-19 09:20:00,31040.6,31100,2,BANKNIFTY21NOV1931100CE.NFO,214.2,257.03999999999996,2019-11-19 10:41:00,BANKNIFTY21NOV1931100PE.NFO,297.15,178.0,2019-11-19 15:10:00,76.31
2019-11-20 09:20:00,31272.0,31300,1,BANKNIFTY21NOV1931300CE.NFO,176.45,211.73999999999998,2019-11-20 13:09:00,BANKNIFTY21NOV1931300PE.NFO,222.9,134.9,2019-11-20 15:10:00,52.71000000000001
2019-11-21 09:20:00,31300.9,31300,0,BANKNIFTY21NOV1931300CE.NFO,127.15,152.58,2019-11-21 12:07:00,BANKNIFTY21NOV1931300PE.NFO,126.9,2.45,2019-11-21 15:10:00,99.02
2019-11-22 09:20:00,31282.8,31300,6,BANKNIFTY28NOV1931300CE.NFO,273.2,167.5,2019-11-22 15:10:00,BANKNIFTY28NOV1931300PE.NFO,289.2,347.03999999999996,2019-11-22 11:38:00,47.860000000000014
2019-11-25 09:20:00,31144.95,31200,3,BANKNIFTY28NOV1931200CE.NFO,201.85,242.22,2019-11-25 10:40:00,BANKNIFTY28NOV1931200PE.NFO,249.85,73.6,2019-11-25 15:10:00,135.88
2019-11-26 09:20:00,31684.0,31700,2,BANKNIFTY28NOV1931700CE.NFO,185.55,222.66000000000003,2019-11-26 09:35:00,BANKNIFTY28NOV1931700PE.NFO,196.0,235.2,2019-11-26 10:42:00,-76.31
2019-11-27 09:20:00,31802.1,31800,1,BANKNIFTY28NOV1931800CE.NFO,164.2,161.1,2019-11-27 15:10:00,BANKNIFTY28NOV1931800PE.NFO,161.0,90.6,2019-11-27 15:10:00,73.5
2019-11-28 09:20:00,31924.0,31900,0,BANKNIFTY28NOV1931900CE.NFO,109.9,131.88,2019-11-28 09:56:00,BANKNIFTY28NOV1931900PE.NFO,84.35,0.2,2019-11-28 15:10:00,62.17
2019-11-29 09:20:00,32087.9,32100,6,BANKNIFTY05DEC1932100CE.NFO,220.0,167.25,2019-11-29 15:10:00,BANKNIFTY05DEC1932100PE.NFO,311.7,374.03999999999996,2019-11-29 11:43:00,-9.589999999999975
2019-12-02 09:20:00,31900.1,31900,3,BANKNIFTY05DEC1931900CE.NFO,209.9,251.88,2019-12-02 09:44:00,BANKNIFTY05DEC1931900PE.NFO,261.0,223.95,2019-12-02 15:10:00,-4.929999999999978
2019-12-03 09:20:00,31862.0,31900,2,BANKNIFTY05DEC1931900CE.NFO,155.2,75.5,2019-12-03 15:10:00,BANKNIFTY05DEC1931900PE.NFO,243.05,291.66,2019-12-03 10:43:00,31.089999999999975
2019-12-04 09:20:00,31572.85,31600,1,BANKNIFTY05DEC1931600CE.NFO,113.65,136.38,2019-12-04 09:43:00,BANKNIFTY05DEC1931600PE.NFO,211.0,22.65,2019-12-04 15:10:00,165.62
2019-12-05 09:20:00,32104.1,32100,0,BANKNIFTY05DEC1932100CE.NFO,92.35,110.82,2019-12-05 11:41:00,BANKNIFTY05DEC1932100PE.NFO,165.3,198.36,2019-12-05 11:46:00,-51.53
2019-12-06 09:20:00,31849.85,31900,6,BANKNIFTY12DEC1931900CE.NFO,216.15,91.0,2019-12-06 15:10:00,BANKNIFTY12DEC1931900PE.NFO,308.35,370.02000000000004,2019-12-06 11:10:00,63.47999999999999
2019-12-09 09:20:00,31254.0,31300,3,BANKNIFTY12DEC1931300CE.NFO,200.4,240.48000000000002,2019-12-09 09:36:00,BANKNIFTY12DEC1931300PE.NFO,283.9,196.75,2019-12-09 15:10:00,47.069999999999965
2019-12-10 09:20:00,31377.9,31400,2,BANKNIFTY12DEC1931400CE.NFO,174.75,92.65,2019-12-10 15:10:00,BANKNIFTY12DEC1931400PE.NFO,251.55,301.86,2019-12-10 14:53:00,31.789999999999992
2019-12-11 09:20:00,31275.25,31300,1,BANKNIFTY12DEC1931300CE.NFO,142.15,170.58,2019-12-11 10:05:00,BANKNIFTY12DEC1931300PE.NFO,214.35,257.22,2019-12-11 14:19:00,-71.30000000000004
2019-12-12 09:20:00,31449.95,31400,0,BANKNIFTY12DEC1931400CE.NFO,98.7,118.44,2019-12-12 13:11:00,BANKNIFTY12DEC1931400PE.NFO,105.75,0.1,2019-12-12 15:10:00,85.91000000000001
2019-12-13 09:20:00,31896.7,31900,6,BANKNIFTY19DEC1931900CE.NFO,229.2,275.03999999999996,2019-12-13 10:17:00,BANKNIFTY19DEC1931900PE.NFO,260.5,185.0,2019-12-13 15:10:00,29.660000000000025
2019-12-16 09:20:00,32121.0,32100,3,BANKNIFTY19DEC1932100CE.NFO,231.45,146.1,2019-12-16 15:10:00,BANKNIFTY19DEC1932100PE.NFO,247.2,296.64,2019-12-16 09:42:00,35.91
2019-12-17 09:20:00,32074.85,32100,2,BANKNIFTY19DEC1932100CE.NFO,166.0,199.2,2019-12-17 09:37:00,BANKNIFTY19DEC1932100PE.NFO,216.8,133.35,2019-12-17 15:10:00,50.25000000000003
2019-12-18 09:20:00,32210.05,32200,1,BANKNIFTY19DEC1932200CE.NFO,143.1,139.4,2019-12-18 15:10:00,BANKNIFTY19DEC1932200PE.NFO,165.0,198.0,2019-12-18 09:32:00,-29.30000000000001
2019-12-19 09:20:00,32175.0,32200,0,BANKNIFTY19DEC1932200CE.NFO,64.9,77.88000000000001,2019-12-19 11:00:00,BANKNIFTY19DEC1932200PE.NFO,119.1,142.92,2019-12-19 09:41:00,-36.8
2019-12-20 09:20:00,32256.8,32300,6,BANKNIFTY26DEC1932300CE.NFO,207.15,248.58,2019-12-20 09:39:00,BANKNIFTY26DEC1932300PE.NFO,253.25,175.5,2019-12-20 15:10:00,36.31999999999999
2019-12-23 09:20:00,32309.5,32300,3,BANKNIFTY26DEC1932300CE.NFO,191.1,229.32,2019-12-23 09:24:00,BANKNIFTY26DEC1932300PE.NFO,179.05,131.1,2019-12-23 15:10:00,9.730000000000018
2019-12-24 09:20:00,32337.0,32300,2,BANKNIFTY26DEC1932300CE.NFO,148.8,101.75,2019-12-24 15:10:00,BANKNIFTY26DEC1932300PE.NFO,110.5,97.0,2019-12-24 15:10:00,60.55000000000001
2019-12-26 09:20:00,32254.5,32300,0,BANKNIFTY26DEC1932300CE.NFO,47.45,0.2,2019-12-26 15:10:00,BANKNIFTY26DEC1932300PE.NFO,92.6,111.11999999999999,2019-12-26 11:15:00,28.730000000000004
2019-12-27 09:20:00,32277.7,32300,6,BANKNIFTY02JAN2032300CE.NFO,137.7,165.23999999999998,2019-12-27 09:35:00,BANKNIFTY02JAN2032300PE.NFO,256.5,117.05,2019-12-27 15:10:00,111.91
2019-12-30 09:20:00,32668.95,32700,3,BANKNIFTY02JAN2032700CE.NFO,102.75,123.3,2019-12-30 09:46:00,BANKNIFTY02JAN2032700PE.NFO,261.55,313.86,2019-12-30 11:33:00,-72.86
2019-12-31 09:20:00,32400.0,32400,2,BANKNIFTY02JAN2032400CE.NFO,99.1,118.91999999999999,2019-12-31 11:53:00,BANKNIFTY02JAN2032400PE.NFO,226.7,225.3,2019-12-31 15:10:00,-18.420000000000016
2020-01-01 09:20:00,32465.0,32500,1,BANKNIFTY02JAN2032500CE.NFO,61.0,12.9,2020-01-01 15:10:00,BANKNIFTY02JAN2032500PE.NFO,224.8,269.76,2020-01-01 09:45:00,3.140000000000022
2020-01-02 09:20:00,32377.0,32400,0,BANKNIFTY02JAN2032400CE.NFO,18.8,22.560000000000002,2020-01-02 09:30:00,BANKNIFTY02JAN2032400PE.NFO,187.85,225.42,2020-01-02 09:45:00,-41.33
2020-01-03 09:20:00,32365.45,32400,6,BANKNIFTY09JAN2032400CE.NFO,170.8,103.25,2020-01-03 15:10:00,BANKNIFTY09JAN2032400PE.NFO,300.0,360.0,2020-01-03 09:45:00,7.550000000000011
2020-01-06 09:20:00,31769.2,31800,3,BANKNIFTY09JAN2031800CE.NFO,206.55,58.85,2020-01-06 15:10:00,BANKNIFTY09JAN2031800PE.NFO,312.0,374.4,2020-01-06 09:28:00,85.30000000000004
2020-01-07 09:20:00,31848.05,31800,2,BANKNIFTY09JAN2031800CE.NFO,182.45,60.1,2020-01-07 15:10:00,BANKNIFTY09JAN2031800PE.NFO,207.75,249.3,2020-01-07 10:00:00,80.79999999999998
2020-01-08 09:20:00,31064.95,31000,1,BANKNIFTY09JAN2031000CE.NFO,232.0,278.4,2020-01-08 09:28:00,BANKNIFTY09JAN2031000PE.NFO,262.05,83.75,2020-01-08 15:10:00,131.90000000000003
2020-01-09 09:20:00,31944.85,31900,0,BANKNIFTY09JAN2031900CE.NFO,101.25,121.5,2020-01-09 11:41:00,BANKNIFTY09JAN2031900PE.NFO,134.85,161.82,2020-01-09 09:22:00,-47.22
2020-01-10 09:20:00,32245.0,32300,6,BANKNIFTY16JAN2032300CE.NFO,233.7,280.44,2020-01-10 11:48:00,BANKNIFTY16JAN2032300PE.NFO,343.85,412.62,2020-01-10 09:37:00,-115.50999999999999
2020-01-13 09:20:00,32372.85,32300,3,BANKNIFTY16JAN2032300CE.NFO,269.0,191.15,2020-01-13 15:10:00,BANKNIFTY16JAN2032300PE.NFO,245.25,294.3,2020-01-13 09:47:00,28.799999999999983
2020-01-14 09:20:00,32095.05,32100,2,BANKNIFTY16JAN2032100CE.NFO,203.65,212.5,2020-01-14 15:10:00,BANKNIFTY16JAN2032100PE.NFO,252.05,177.1,2020-01-14 15:10:00,66.10000000000002
2020-01-15 09:20:00,31899.95,31900,1,BANKNIFTY16JAN2031900CE.NFO,141.0,112.0,2020-01-15 15:10:00,BANKNIFTY16JAN2031900PE.NFO,183.15,219.78,2020-01-15 09:47:00,-7.6299999999999955
2020-01-16 09:20:00,32029.05,32000,0,BANKNIFTY16JAN2032000CE.NFO,71.7,0.2,2020-01-16 15:10:00,BANKNIFTY16JAN2032000PE.NFO,99.3,119.16,2020-01-16 09:28:00,51.64
2020-01-17 09:20:00,31674.15,31700,6,BANKNIFTY23JAN2031700CE.NFO,258.8,310.56,2020-01-17 10:31:00,BANKNIFTY23JAN2031700PE.NFO,316.0,265.0,2020-01-17 15:10:00,-0.7599999999999909
2020-01-20 09:20:00,31738.1,31800,3,BANKNIFTY23JAN2031800CE.NFO,206.55,53.25,2020-01-20 15:10:00,BANKNIFTY23JAN2031800PE.NFO,294.7,353.64,2020-01-20 09:31:00,94.36000000000001
2020-01-21 09:20:00,30972.15,31000,2,BANKNIFTY23JAN2031000CE.NFO,202.95,243.54,2020-01-21 09:27:00,BANKNIFTY23JAN2031000PE.NFO,266.1,205.45,2020-01-21 15:10:00,20.06000000000003
2020-01-22 09:20:00,31165.0,31200,1,BANKNIFTY23JAN2031200CE.NFO,142.85,20.45,2020-01-22 15:10:00,BANKNIFTY23JAN2031200PE.NFO,208.6,250.32,2020-01-22 09:32:00,80.67999999999999
2020-01-23 09:20:00,30821.7,30800,0,BANKNIFTY23JAN2030800CE.NFO,78.4,94.08000000000001,2020-01-23 09:21:00,BANKNIFTY23JAN2030800PE.NFO,118.7,0.15,2020-01-23 15:10:00,102.86999999999999
2020-01-24 09:20:00,30937.05,31000,6,BANKNIFTY30JAN2031000CE.NFO,254.65,305.58000000000004,2020-01-24 09:30:00,BANKNIFTY30JAN2031000PE.NFO,314.9,123.4,2020-01-24 15:10:00,140.56999999999994
2020-01-27 09:20:00,31009.6,31100,3,BANKNIFTY30JAN2031100CE.NFO,204.8,245.76000000000002,2020-01-27 09:37:00,BANKNIFTY30JAN2031100PE.NFO,298.6,358.32000000000005,2020-01-27 14:47:00,-100.68000000000004
2020-01-28 09:20:00,30809.85,30800,2,BANKNIFTY30JAN2030800CE.NFO,241.95,290.34,2020-01-28 09:25:00,BANKNIFTY30JAN2030800PE.NFO,231.0,224.45,2020-01-28 15:10:00,-41.839999999999975
2020-01-29 09:20:00,30934.35,31000,1,BANKNIFTY30JAN2031000CE.NFO,143.35,172.01999999999998,2020-01-29 09:48:00,BANKNIFTY30JAN2031000PE.NFO,212.2,176.85,2020-01-29 15:10:00,6.680000000000007
2020-01-30 09:20:00,30732.6,30800,0,BANKNIFTY30JAN2030800CE.NFO,67.0,0.35,2020-01-30 15:10:00,BANKNIFTY30JAN2030800PE.NFO,131.2,157.44,2020-01-30 09:40:00,40.41
2020-01-31 09:20:00,30985.55,30900,6,BANKNIFTY06FEB2030900CE.NFO,499.15,464.15,2020-01-31 15:10:00,BANKNIFTY06FEB2030900PE.NFO,492.7,505.0,2020-01-31 15:10:00,22.69999999999999
2020-02-01 09:20:00,30686.9,30700,5,BANKNIFTY06FEB2030700CE.NFO,467.55,561.0600000000001,2020-02-01 10:03:00,BANKNIFTY06FEB2030700PE.NFO,544.95,653.94,2020-02-01 13:27:00,-202.50000000000006
2020-02-03 09:20:00,29919.25,29900,3,BANKNIFTY06FEB2029900CE.NFO,315.0,269.5,2020-02-03 15:10:00,BANKNIFTY06FEB2029900PE.NFO,351.8,422.16,2020-02-03 09:32:00,-24.860000000000014
2020-02-04 09:20:00,30246.55,30200,2,BANKNIFTY06FEB2030200CE.NFO,209.9,251.88,2020-02-04 10:17:00,BANKNIFTY06FEB2030200PE.NFO,211.95,39.75,2020-02-04 15:10:00,130.22
2020-02-05 09:20:00,30780.05,30700,1,BANKNIFTY06FEB2030700CE.NFO,190.95,229.14,2020-02-05 09:32:00,BANKNIFTY06FEB2030700PE.NFO,144.65,173.58,2020-02-05 12:00:00,-67.12
2020-02-06 09:20:00,31108.2,31100,0,BANKNIFTY06FEB2031100CE.NFO,115.3,138.36,2020-02-06 11:55:00,BANKNIFTY06FEB2031100PE.NFO,127.9,153.48000000000002,2020-02-06 09:29:00,-48.64000000000003
2020-02-07 09:20:00,31158.15,31200,6,BANKNIFTY13FEB2031200CE.NFO,250.4,300.48,2020-02-07 12:45:00,BANKNIFTY13FEB2031200PE.NFO,326.85,247.15,2020-02-07 15:10:00,29.620000000000005
2020-02-10 09:20:00,31121.0,31100,3,BANKNIFTY13FEB2031100CE.NFO,220.9,188.35,2020-02-10 15:10:00,BANKNIFTY13FEB2031100PE.NFO,243.25,232.0,2020-02-10 15:10:00,43.80000000000001
2020-02-11 09:20:00,31390.0,31400,2,BANKNIFTY13FEB2031400CE.NFO,155.45,186.54,2020-02-11 09:32:00,BANKNIFTY13FEB2031400PE.NFO,210.1,191.85,2020-02-11 15:10:00,-12.840000000000003
2020-02-12 09:20:00,31559.95,31600,1,BANKNIFTY13FEB2031600CE.NFO,96.55,76.7,2020-02-12 15:10:00,BANKNIFTY13FEB2031600PE.NFO,177.1,140.7,2020-02-12 15:10:00,56.25
2020-02-13 09:20:00,31452.25,31400,0,BANKNIFTY13FEB2031400CE.NFO,99.65,0.15,2020-02-13 15:10:00,BANKNIFTY13FEB2031400PE.NFO,79.45,95.34,2020-02-13 09:55:00,83.61
2020-02-14 09:20:00,31432.0,31400,6,BANKNIFTY20FEB2031400CE.NFO,248.55,78.5,2020-02-14 15:10:00,BANKNIFTY20FEB2031400PE.NFO,227.05,272.46000000000004,2020-02-14 10:44:00,124.63999999999999
2020-02-17 09:20:00,30965.0,31000,3,BANKNIFTY20FEB2031000CE.NFO,216.0,117.4,2020-02-17 15:10:00,BANKNIFTY20FEB2031000PE.NFO,256.3,307.56,2020-02-17 09:21:00,47.34
2020-02-18 09:20:00,30545.55,30600,2,BANKNIFTY20FEB2030600CE.NFO,168.75,144.0,2020-02-18 15:10:00,BANKNIFTY20FEB2030600PE.NFO,232.05,278.46000000000004,2020-02-18 10:42:00,-21.660000000000025
2020-02-26 09:20:00,30334.8,30300,1,BANKNIFTY27FEB2030300CE.NFO,199.9,239.88,2020-02-26 13:45:00,BANKNIFTY27FEB2030300PE.NFO,170.75,204.9,2020-02-26 14:36:00,-74.13
2020-02-27 09:20:00,30181.1,30200,0,BANKNIFTY27FEB2030200CE.NFO,101.0,4.25,2020-02-27 15:10:00,BANKNIFTY27FEB2030200PE.NFO,119.4,143.28,2020-02-27 09:31:00,72.87
2020-02-28 09:20:00,29630.05,29600,6,BANKNIFTY05MAR2029600CE.NFO,424.9,207.25,2020-02-28 15:10:00,BANKNIFTY05MAR2029600PE.NFO,430.85,517.02,2020-02-28 09:56:00,131.48000000000002
2020-03-02 09:20:00,29340.0,29300,3,BANKNIFTY05MAR2029300CE.NFO,420.05,179.9,2020-03-02 15:10:00,BANKNIFTY05MAR2029300PE.NFO,335.35,402.42,2020-03-02 15:00:00,173.08
2020-03-03 09:20:00,29265.6,29200,2,BANKNIFTY05MAR2029200CE.NFO,332.5,258.5,2020-03-03 15:10:00,BANKNIFTY05MAR2029200PE.NFO,271.1,325.32000000000005,2020-03-03 09:34:00,19.779999999999973
2020-03-04 09:20:00,29092.3,29100,1,BANKNIFTY05MAR2029100CE.NFO,251.15,78.85,2020-03-04 15:10:00,BANKNIFTY05MAR2029100PE.NFO,277.85,333.42,2020-03-04 09:31:00,116.73000000000002
2020-03-05 09:20:00,28776.35,28800,0,BANKNIFTY05MAR2028800CE.NFO,123.9,148.68,2020-03-05 10:46:00,BANKNIFTY05MAR2028800PE.NFO,178.5,214.2,2020-03-05 09:26:00,-60.47999999999999
2020-03-06 09:20:00,27508.05,27500,6,BANKNIFTY12MAR2027500CE.NFO,576.85,692.22,2020-03-06 10:05:00,BANKNIFTY12MAR2027500PE.NFO,577.95,358.25,2020-03-06 15:10:00,104.33000000000004
2020-03-09 09:20:00,27039.95,27000,3,BANKNIFTY12MAR2027000CE.NFO,477.4,235.0,2020-03-09 15:10:00,BANKNIFTY12MAR2027000PE.NFO,425.85,511.02000000000004,2020-03-09 09:38:00,157.22999999999996
2020-03-11 09:20:00,26700.05,26700,1,BANKNIFTY12MAR2026700CE.NFO,404.3,133.5,2020-03-11 15:10:00,BANKNIFTY12MAR2026700PE.NFO,438.3,525.96,2020-03-11 09:45:00,183.14
2020-03-12 09:20:00,25245.2,25300,0,BANKNIFTY12MAR2025300CE.NFO,,0.7,2020-03-12 15:10:00,BANKNIFTY12MAR2025300PE.NFO,311.6,373.92,2020-03-12 09:22:00,
2020-03-13 09:20:00,21474.7,21900,6,BANKNIFTY19MAR2021900CE.NFO,,2820.0,2020-03-13 15:10:00,BANKNIFTY19MAR2021900PE.NFO,442.85,531.4200000000001,2020-03-13 10:49:00,
2020-03-16 09:20:00,23691.55,23800,3,BANKNIFTY19MAR2023800CE.NFO,913.5,662.1,2020-03-16 15:10:00,BANKNIFTY19MAR2023800PE.NFO,990.0,1188.0,2020-03-16 09:34:00,53.39999999999998
2020-03-17 09:20:00,22759.9,22700,2,BANKNIFTY19MAR2022700CE.NFO,1076.25,1291.5,2020-03-17 09:39:00,BANKNIFTY19MAR2022700PE.NFO,1033.5,1220.55,2020-03-17 15:10:00,-402.29999999999995
2020-03-18 09:20:00,21991.95,22100,1,BANKNIFTY19MAR2022100CE.NFO,581.95,50.6,2020-03-18 15:10:00,BANKNIFTY19MAR2022100PE.NFO,690.7,828.84,2020-03-18 09:57:00,393.21000000000004
2020-03-19 09:20:00,18950.0,19100,0,BANKNIFTY19MAR2019100CE.NFO,486.05,583.26,2020-03-19 11:01:00,BANKNIFTY19MAR2019100PE.NFO,261.2,313.44,2020-03-19 09:30:00,-149.45
2020-03-20 09:20:00,20015.0,20000,6,BANKNIFTY26MAR2020000CE.NFO,1212.85,1455.4199999999998,2020-03-20 12:57:00,BANKNIFTY26MAR2020000PE.NFO,1200.0,1440.0,2020-03-20 09:32:00,-482.56999999999994
2020-03-23 09:20:00,18827.8,18900,3,BANKNIFTY26MAR2018900CE.NFO,1100.0,365.0,2020-03-23 15:10:00,BANKNIFTY26MAR2018900PE.NFO,1084.75,1301.7,2020-03-23 09:36:00,518.05
2020-03-24 09:20:00,17707.55,17800,2,BANKNIFTY26MAR2017800CE.NFO,1000.25,489.85,2020-03-24 15:10:00,BANKNIFTY26MAR2017800PE.NFO,1076.25,1291.5,2020-03-24 09:23:00,295.15
2020-03-25 09:20:00,17200.1,17100,1,BANKNIFTY26MAR2017100CE.NFO,1000.0,1200.0,2020-03-25 12:58:00,BANKNIFTY26MAR2017100PE.NFO,909.4,164.0,2020-03-25 15:10:00,545.4
2020-03-26 09:20:00,18423.95,18400,0,BANKNIFTY26MAR2018400CE.NFO,478.0,573.6,2020-03-26 09:24:00,BANKNIFTY26MAR2018400PE.NFO,470.4,0.6,2020-03-26 15:10:00,374.19999999999993
2020-03-27 09:20:00,20560.65,20600,6,BANKNIFTY01APR2020600CE.NFO,,723.3,2020-03-27 15:10:00,BANKNIFTY01APR2020600PE.NFO,,1703.25,2020-03-27 15:10:00,
2020-03-30 09:20:00,19308.9,19300,3,BANKNIFTY01APR2019300CE.NFO,1050.0,521.0,2020-03-30 15:10:00,BANKNIFTY01APR2019300PE.NFO,1087.3,1105.8,2020-03-30 15:10:00,510.5
2020-03-31 09:20:00,19056.6,19100,2,BANKNIFTY01APR2019100CE.NFO,563.55,399.35,2020-03-31 15:10:00,BANKNIFTY01APR2019100PE.NFO,691.4,407.5,2020-03-31 15:10:00,448.0999999999999
2020-04-01 09:20:00,18789.9,18800,1,BANKNIFTY01APR2018800CE.NFO,230.45,0.35,2020-04-01 15:10:00,BANKNIFTY01APR2018800PE.NFO,295.0,354.0,2020-04-01 09:41:00,171.1
2020-04-03 09:20:00,17520.0,17600,6,BANKNIFTY09APR2017600CE.NFO,1229.65,337.25,2020-04-03 15:10:00,BANKNIFTY09APR2017600PE.NFO,796.0,817.25,2020-04-03 15:10:00,871.1500000000001
2020-04-07 09:20:00,18124.65,18100,2,BANKNIFTY09APR2018100CE.NFO,438.95,526.74,2020-04-07 09:39:00,BANKNIFTY09APR2018100PE.NFO,468.95,180.55,2020-04-07 15:10:00,200.60999999999996
2020-04-08 09:20:00,18627.9,18600,1,BANKNIFTY09APR2018600CE.NFO,403.85,484.62,2020-04-08 09:29:00,BANKNIFTY09APR2018600PE.NFO,434.5,267.6,2020-04-08 15:10:00,86.13
2020-04-09 09:20:00,19651.0,19600,0,BANKNIFTY09APR2019600CE.NFO,373.65,308.95,2020-04-09 15:10:00,BANKNIFTY09APR2019600PE.NFO,339.35,407.22,2020-04-09 09:24:00,-3.170000000000016
2020-04-13 09:20:00,19633.0,19700,3,BANKNIFTY16APR2019700CE.NFO,612.8,459.1,2020-04-13 15:10:00,BANKNIFTY16APR2019700PE.NFO,710.0,852.0,2020-04-13 09:44:00,11.699999999999932
2020-04-15 09:20:00,19943.5,19900,1,BANKNIFTY16APR2019900CE.NFO,470.0,564.0,2020-04-15 10:04:00,BANKNIFTY16APR2019900PE.NFO,429.3,515.1600000000001,2020-04-15 09:30:00,-179.86000000000007
2020-04-16 09:20:00,18742.15,18700,0,BANKNIFTY16APR2018700CE.NFO,277.35,332.82000000000005,2020-04-16 09:36:00,BANKNIFTY16APR2018700PE.NFO,238.2,0.2,2020-04-16 15:10:00,182.52999999999997
2020-04-17 09:20:00,20323.9,20300,6,BANKNIFTY23APR2020300CE.NFO,710.0,852.0,2020-04-17 15:08:00,BANKNIFTY23APR2020300PE.NFO,709.6,851.52,2020-04-17 10:33:00,-283.91999999999996
2020-04-20 09:20:00,20717.0,20800,3,BANKNIFTY23APR2020800CE.NFO,539.95,647.94,2020-04-20 09:26:00,BANKNIFTY23APR2020800PE.NFO,650.0,780.0,2020-04-20 14:54:00,-237.99
2020-04-21 09:20:00,19747.25,19800,2,BANKNIFTY23APR2019800CE.NFO,456.7,262.1,2020-04-21 15:10:00,BANKNIFTY23APR2019800PE.NFO,545.0,654.0,2020-04-21 12:26:00,85.59999999999997
2020-04-22 09:20:00,19223.1,19300,1,BANKNIFTY23APR2019300CE.NFO,348.85,418.62,2020-04-22 10:40:00,BANKNIFTY23APR2019300PE.NFO,454.2,168.0,2020-04-22 15:10:00,216.43
2020-04-23 09:20:00,19696.5,19700,0,BANKNIFTY23APR2019700CE.NFO,201.1,241.32,2020-04-23 09:25:00,BANKNIFTY23APR2019700PE.NFO,214.2,0.2,2020-04-23 15:10:00,173.78
2020-04-24 09:20:00,19570.2,19600,6,BANKNIFTY30APR2019600CE.NFO,566.65,679.98,2020-04-24 12:36:00,BANKNIFTY30APR2019600PE.NFO,598.75,604.55,2020-04-24 15:10:00,-119.13
2020-04-27 09:20:00,19939.4,19900,3,BANKNIFTY30APR2019900CE.NFO,487.15,584.5799999999999,2020-04-27 10:22:00,BANKNIFTY30APR2019900PE.NFO,445.05,335.3,2020-04-27 15:10:00,12.32000000000005
2020-04-28 09:20:00,20448.0,20400,2,BANKNIFTY30APR2020400CE.NFO,387.85,445.1,2020-04-28 15:10:00,BANKNIFTY30APR2020400PE.NFO,345.0,414.0,2020-04-28 10:05:00,-126.25
2020-04-29 09:20:00,20650.05,20600,1,BANKNIFTY30APR2020600CE.NFO,294.0,352.8,2020-04-29 12:59:00,BANKNIFTY30APR2020600PE.NFO,243.0,63.15,2020-04-29 15:10:00,121.04999999999998
2020-04-30 09:20:00,21609.65,21600,0,BANKNIFTY30APR2021600CE.NFO,166.75,200.1,2020-04-30 09:24:00,BANKNIFTY30APR2021600PE.NFO,155.75,186.9,2020-04-30 13:09:00,-64.5
2020-05-04 09:20:00,20139.3,20200,3,BANKNIFTY07MAY2020200CE.NFO,558.95,349.35,2020-05-04 15:10:00,BANKNIFTY07MAY2020200PE.NFO,637.3,764.76,2020-05-04 09:59:00,82.13999999999999
2020-05-05 09:20:00,20081.7,20000,2,BANKNIFTY07MAY2020000CE.NFO,575.85,179.65,2020-05-05 15:10:00,BANKNIFTY07MAY2020000PE.NFO,481.95,578.34,2020-05-05 09:54:00,299.81
2020-05-06 09:20:00,18987.75,19000,1,BANKNIFTY07MAY2019000CE.NFO,369.75,443.7,2020-05-06 09:55:00,BANKNIFTY07MAY2019000PE.NFO,392.95,87.85,2020-05-06 15:10:00,231.15000000000003
2020-05-08 09:20:00,19847.05,19800,6,BANKNIFTY14MAY2019800CE.NFO,589.2,278.15,2020-05-08 15:10:00,BANKNIFTY14MAY2019800PE.NFO,525.5,630.6,2020-05-08 13:51:00,205.95000000000005
2020-05-11 09:20:00,19611.8,19600,3,BANKNIFTY14MAY2019600CE.NFO,453.75,177.15,2020-05-11 15:10:00,BANKNIFTY14MAY2019600PE.NFO,418.95,502.74,2020-05-11 10:11:00,192.81
2020-05-12 09:20:00,18488.4,18500,2,BANKNIFTY14MAY2018500CE.NFO,361.0,433.2,2020-05-12 14:16:00,BANKNIFTY14MAY2018500PE.NFO,365.7,438.84,2020-05-12 09:53:00,-145.33999999999997
2020-05-13 09:20:00,19897.05,19800,1,BANKNIFTY14MAY2019800CE.NFO,463.1,307.75,2020-05-13 15:10:00,BANKNIFTY14MAY2019800PE.NFO,346.35,415.62,2020-05-13 09:24:00,86.08000000000004
2020-05-14 09:20:00,19128.55,19200,0,BANKNIFTY14MAY2019200CE.NFO,150.4,180.48000000000002,2020-05-14 09:23:00,BANKNIFTY14MAY2019200PE.NFO,214.85,120.5,2020-05-14 15:10:00,64.26999999999998
2020-05-15 09:20:00,18814.95,18800,6,BANKNIFTY21MAY2018800CE.NFO,545.0,542.15,2020-05-15 15:10:00,BANKNIFTY21MAY2018800PE.NFO,516.3,518.0,2020-05-15 15:10:00,1.1499999999999773
2020-05-18 09:20:00,18449.75,18500,3,BANKNIFTY21MAY2018500CE.NFO,427.6,171.5,2020-05-18 15:10:00,BANKNIFTY21MAY2018500PE.NFO,451.75,542.1,2020-05-18 09:35:00,165.75
2020-05-19 09:20:00,17818.95,17800,2,BANKNIFTY21MAY2017800CE.NFO,481.3,577.5600000000001,2020-05-19 10:57:00,BANKNIFTY21MAY2017800PE.NFO,438.25,525.9,2020-05-19 09:26:00,-183.91000000000003
2020-05-20 09:20:00,17691.65,17600,1,BANKNIFTY21MAY2017600CE.NFO,347.8,417.36,2020-05-20 14:24:00,BANKNIFTY21MAY2017600PE.NFO,235.0,282.0,2020-05-20 09:25:00,-116.56
2020-05-21 09:20:00,17964.45,18000,0,BANKNIFTY21MAY2018000CE.NFO,122.55,147.06,2020-05-21 09:35:00,BANKNIFTY21MAY2018000PE.NFO,134.0,160.8,2020-05-21 14:19:00,-51.31000000000002
2020-05-22 09:20:00,17503.5,17500,6,BANKNIFTY28MAY2017500CE.NFO,452.9,543.48,2020-05-22 09:29:00,BANKNIFTY28MAY2017500PE.NFO,455.65,546.78,2020-05-22 10:30:00,-181.71000000000004
2020-05-26 09:20:00,17547.25,17600,2,BANKNIFTY28MAY2017600CE.NFO,298.65,180.8,2020-05-26 15:10:00,BANKNIFTY28MAY2017600PE.NFO,346.1,415.32000000000005,2020-05-26 13:18:00,48.62999999999994
2020-05-27 09:20:00,17570.2,17600,1,BANKNIFTY28MAY2017600CE.NFO,211.3,253.56,2020-05-27 10:29:00,BANKNIFTY28MAY2017600PE.NFO,245.6,16.3,2020-05-27 15:10:00,187.04
2020-05-28 09:20:00,18956.05,19000,0,BANKNIFTY28MAY2019000CE.NFO,133.65,160.38,2020-05-28 09:25:00,BANKNIFTY28MAY2019000PE.NFO,179.2,0.25,2020-05-28 15:10:00,152.22
2020-05-29 09:20:00,18942.35,18900,6,BANKNIFTY04JUN2018900CE.NFO,484.25,581.1,2020-05-29 10:40:00,BANKNIFTY04JUN2018900PE.NFO,464.75,557.7,2020-05-29 09:31:00,-189.80000000000007
2020-06-01 09:20:00,19893.3,19900,3,BANKNIFTY04JUN2019900CE.NFO,444.7,533.64,2020-06-01 12:09:00,BANKNIFTY04JUN2019900PE.NFO,439.0,392.2,2020-06-01 15:10:00,-42.139999999999986
2020-06-02 09:20:00,19808.55,19800,2,BANKNIFTY04JUN2019800CE.NFO,395.95,475.14,2020-06-02 09:25:00,BANKNIFTY04JUN2019800PE.NFO,380.95,81.4,2020-06-02 15:10:00,220.35999999999996
2020-06-03 09:20:00,21028.0,21000,1,BANKNIFTY04JUN2021000CE.NFO,317.1,380.52000000000004,2020-06-03 13:29:00,BANKNIFTY04JUN2021000PE.NFO,264.95,317.94,2020-06-03 09:55:00,-116.41000000000003
2020-06-04 09:20:00,21015.65,21000,0,BANKNIFTY04JUN2021000CE.NFO,228.4,124.75,2020-06-04 15:10:00,BANKNIFTY04JUN2021000PE.NFO,187.95,225.54,2020-06-04 09:43:00,66.06
2020-06-05 09:20:00,20593.0,20500,6,BANKNIFTY11JUN2020500CE.NFO,627.2,752.6400000000001,2020-06-05 09:37:00,BANKNIFTY11JUN2020500PE.NFO,524.55,317.2,2020-06-05 15:10:00,81.90999999999991
2020-06-08 09:20:00,21737.05,21700,3,BANKNIFTY11JUN2021700CE.NFO,556.6,246.9,2020-06-08 15:10:00,BANKNIFTY11JUN2021700PE.NFO,496.3,595.5600000000001,2020-06-08 09:53:00,210.44
2020-06-09 09:20:00,21101.4,21200,2,BANKNIFTY11JUN2021200CE.NFO,416.75,500.1,2020-06-09 10:04:00,BANKNIFTY11JUN2021200PE.NFO,503.5,604.2,2020-06-09 14:15:00,-184.05000000000007
2020-06-10 09:20:00,20845.9,20900,1,BANKNIFTY11JUN2020900CE.NFO,309.1,370.92,2020-06-10 10:35:00,BANKNIFTY11JUN2020900PE.NFO,347.25,416.7,2020-06-10 09:46:00,-131.26999999999998
2020-06-12 09:20:00,19697.4,19700,6,BANKNIFTY18JUN2019700CE.NFO,685.0,822.0,2020-06-12 11:24:00,BANKNIFTY18JUN2019700PE.NFO,690.2,227.05,2020-06-12 15:10:00,326.15000000000003
2020-06-15 09:20:00,20333.85,20300,3,BANKNIFTY18JUN2020300CE.NFO,550.0,295.6,2020-06-15 15:10:00,BANKNIFTY18JUN2020300PE.NFO,518.9,622.68,2020-06-15 10:00:00,150.62
2020-06-16 09:20:00,20575.6,20600,2,BANKNIFTY18JUN2020600CE.NFO,383.8,243.9,2020-06-16 15:10:00,BANKNIFTY18JUN2020600PE.NFO,403.25,483.9,2020-06-16 09:47:00,59.25000000000003
2020-06-17 09:20:00,19928.75,20000,1,BANKNIFTY18JUN2020000CE.NFO,345.0,414.0,2020-06-17 09:30:00,BANKNIFTY18JUN2020000PE.NFO,408.4,210.85,2020-06-17 15:10:00,128.54999999999998
2020-06-18 09:20:00,20023.45,20000,0,BANKNIFTY18JUN2020000CE.NFO,196.4,235.68,2020-06-18 09:28:00,BANKNIFTY18JUN2020000PE.NFO,170.95,0.3,2020-06-18 15:10:00,131.36999999999998
2020-06-19 09:20:00,21115.05,21100,6,BANKNIFTY25JUN2021100CE.NFO,563.6,676.32,2020-06-19 12:04:00,BANKNIFTY25JUN2021100PE.NFO,543.9,652.68,2020-06-19 09:43:00,-221.5
2020-06-22 09:20:00,21513.3,21500,3,BANKNIFTY25JUN2021500CE.NFO,455.9,547.0799999999999,2020-06-22 09:44:00,BANKNIFTY25JUN2021500PE.NFO,449.25,346.55,2020-06-22 15:10:00,11.520000000000039
2020-06-23 09:20:00,21895.8,21900,2,BANKNIFTY25JUN2021900CE.NFO,415.0,498.0,2020-06-23 14:38:00,BANKNIFTY25JUN2021900PE.NFO,421.3,505.56,2020-06-23 09:50:00,-167.26
2020-06-24 09:20:00,22305.0,22300,1,BANKNIFTY25JUN2022300CE.NFO,347.1,45.0,2020-06-24 15:10:00,BANKNIFTY25JUN2022300PE.NFO,344.05,412.86,2020-06-24 10:46:00,233.29000000000002
2020-06-25 09:20:00,20922.55,21000,0,BANKNIFTY25JUN2021000CE.NFO,172.6,207.12,2020-06-25 09:24:00,BANKNIFTY25JUN2021000PE.NFO,251.2,0.15,2020-06-25 15:10:00,216.52999999999997
2020-06-26 09:20:00,21616.15,21600,6,BANKNIFTY02JUL2021600CE.NFO,606.8,439.9,2020-06-26 15:10:00,BANKNIFTY02JUL2021600PE.NFO,573.1,687.72,2020-06-26 10:21:00,52.27999999999997
2020-06-29 09:20:00,21059.4,21100,3,BANKNIFTY02JUL2021100CE.NFO,490.0,515.55,2020-06-29 15:10:00,BANKNIFTY02JUL2021100PE.NFO,501.75,341.05,2020-06-29 15:10:00,135.15000000000003
2020-06-30 09:20:00,21424.5,21500,2,BANKNIFTY02JUL2021500CE.NFO,393.0,264.8,2020-06-30 15:10:00,BANKNIFTY02JUL2021500PE.NFO,405.0,486.0,2020-06-30 12:42:00,47.19999999999999
2020-07-01 09:20:00,21231.1,21300,1,BANKNIFTY02JUL2021300CE.NFO,319.95,383.94,2020-07-01 09:30:00,BANKNIFTY02JUL2021300PE.NFO,323.55,39.7,2020-07-01 15:10:00,219.86
2020-07-02 09:20:00,22160.05,22200,0,BANKNIFTY02JUL2022200CE.NFO,186.55,223.86,2020-07-02 09:43:00,BANKNIFTY02JUL2022200PE.NFO,152.45,182.94,2020-07-02 10:18:00,-67.80000000000001
2020-07-03 09:20:00,22017.05,22000,6,BANKNIFTY09JUL2022000CE.NFO,513.75,348.05,2020-07-03 15:10:00,BANKNIFTY09JUL2022000PE.NFO,461.1,553.32,2020-07-03 09:54:00,73.47999999999996
2020-07-06 09:20:00,22227.95,22200,3,BANKNIFTY09JUL2022200CE.NFO,400.75,349.0,2020-07-06 15:10:00,BANKNIFTY09JUL2022200PE.NFO,355.0,315.65,2020-07-06 15:10:00,91.10000000000002
2020-07-07 09:20:00,22116.15,22100,2,BANKNIFTY09JUL2022100CE.NFO,333.8,400.56,2020-07-07 12:20:00,BANKNIFTY09JUL2022100PE.NFO,302.7,112.45,2020-07-07 15:10:00,123.49000000000001
2020-07-08 09:20:00,22734.8,22700,1,BANKNIFTY09JUL2022700CE.NFO,292.35,350.82000000000005,2020-07-08 10:34:00,BANKNIFTY09JUL2022700PE.NFO,265.0,250.1,2020-07-08 15:10:00,-43.57000000000002
2020-07-09 09:20:00,22754.1,22700,0,BANKNIFTY09JUL2022700CE.NFO,186.05,176.75,2020-07-09 15:10:00,BANKNIFTY09JUL2022700PE.NFO,131.6,157.92,2020-07-09 09:31:00,-17.019999999999982
2020-07-10 09:20:00,22736.15,22700,6,BANKNIFTY16JUL2022700CE.NFO,448.95,294.0,2020-07-10 15:10:00,BANKNIFTY16JUL2022700PE.NFO,418.1,501.72,2020-07-10 12:17:00,71.32999999999998
2020-07-13 09:20:00,22615.85,22600,3,BANKNIFTY16JUL2022600CE.NFO,386.95,177.55,2020-07-13 15:10:00,BANKNIFTY16JUL2022600PE.NFO,350.3,420.36,2020-07-13 09:55:00,139.33999999999997
2020-07-14 09:20:00,21799.0,21800,2,BANKNIFTY16JUL2021800CE.NFO,329.4,144.5,2020-07-14 15:10:00,BANKNIFTY16JUL2021800PE.NFO,317.35,380.82000000000005,2020-07-14 10:15:00,121.42999999999995
2020-07-15 09:20:00,21531.05,21600,1,BANKNIFTY16JUL2021600CE.NFO,260.55,312.66,2020-07-15 09:32:00,BANKNIFTY16JUL2021600PE.NFO,304.4,365.28,2020-07-15 14:49:00,-112.99000000000001
2020-07-16 09:20:00,21142.1,21100,0,BANKNIFTY16JUL2021100CE.NFO,182.5,219.0,2020-07-16 09:45:00,BANKNIFTY16JUL2021100PE.NFO,134.1,160.92,2020-07-16 09:30:00,-63.31999999999999
2020-07-17 09:20:00,21711.45,21700,6,BANKNIFTY23JUL2021700CE.NFO,449.35,507.1,2020-07-17 15:10:00,BANKNIFTY23JUL2021700PE.NFO,420.0,504.0,2020-07-17 11:08:00,-141.75
2020-07-20 09:20:00,22184.4,22200,3,BANKNIFTY23JUL2022200CE.NFO,354.65,425.58,2020-07-20 09:27:00,BANKNIFTY23JUL2022200PE.NFO,376.0,304.8,2020-07-20 15:10:00,0.2699999999999818
2020-07-21 09:20:00,22628.45,22600,2,BANKNIFTY23JUL2022600CE.NFO,336.8,404.16,2020-07-21 14:19:00,BANKNIFTY23JUL2022600PE.NFO,291.15,181.8,2020-07-21 15:10:00,41.98999999999995
2020-07-22 09:20:00,22864.25,22900,1,BANKNIFTY23JUL2022900CE.NFO,235.85,171.8,2020-07-22 15:10:00,BANKNIFTY23JUL2022900PE.NFO,278.5,334.2,2020-07-22 09:35:00,8.349999999999994
2020-07-23 09:20:00,22875.0,22900,0,BANKNIFTY23JUL2022900CE.NFO,136.4,163.68,2020-07-23 12:15:00,BANKNIFTY23JUL2022900PE.NFO,154.9,185.88,2020-07-23 10:02:00,-58.25999999999999
2020-07-24 09:20:00,22715.75,22700,6,BANKNIFTY30JUL2022700CE.NFO,428.55,353.0,2020-07-24 15:10:00,BANKNIFTY30JUL2022700PE.NFO,417.8,501.36,2020-07-24 10:40:00,-8.009999999999991
2020-07-27 09:20:00,22320.0,22400,3,BANKNIFTY30JUL2022400CE.NFO,331.7,151.8,2020-07-27 15:10:00,BANKNIFTY30JUL2022400PE.NFO,408.0,489.6,2020-07-27 09:29:00,98.29999999999995
2020-07-28 09:20:00,22029.75,22000,2,BANKNIFTY30JUL2022000CE.NFO,337.65,405.17999999999995,2020-07-28 14:32:00,BANKNIFTY30JUL2022000PE.NFO,302.25,362.7,2020-07-28 09:49:00,-127.97999999999996
2020-07-29 09:20:00,22335.0,22300,1,BANKNIFTY30JUL2022300CE.NFO,258.75,106.1,2020-07-29 15:10:00,BANKNIFTY30JUL2022300PE.NFO,221.15,265.38,2020-07-29 09:37:00,108.42000000000002
2020-07-30 09:20:00,22240.0,22200,0,BANKNIFTY30JUL2022200CE.NFO,154.85,0.3,2020-07-30 15:10:00,BANKNIFTY30JUL2022200PE.NFO,111.3,133.56,2020-07-30 09:24:00,132.28999999999996
2020-07-31 09:20:00,21419.05,21500,6,BANKNIFTY06AUG2021500CE.NFO,402.85,483.42,2020-07-31 09:27:00,BANKNIFTY06AUG2021500PE.NFO,482.3,304.65,2020-07-31 15:10:00,97.08000000000004
2020-08-03 09:20:00,21350.0,21400,3,BANKNIFTY06AUG2021400CE.NFO,328.4,221.05,2020-08-03 15:10:00,BANKNIFTY06AUG2021400PE.NFO,395.7,474.84,2020-08-03 12:58:00,28.20999999999998
2020-08-04 09:20:00,21265.1,21300,2,BANKNIFTY06AUG2021300CE.NFO,292.5,351.0,2020-08-04 10:37:00,BANKNIFTY06AUG2021300PE.NFO,340.15,408.17999999999995,2020-08-04 09:30:00,-126.52999999999997
2020-08-05 09:20:00,21750.0,21700,1,BANKNIFTY06AUG2021700CE.NFO,239.0,286.8,2020-08-05 09:34:00,BANKNIFTY06AUG2021700PE.NFO,211.0,253.2,2020-08-05 11:57:00,-90.0
2020-08-06 09:20:00,21623.45,21600,0,BANKNIFTY06AUG2021600CE.NFO,188.35,226.01999999999998,2020-08-06 12:27:00,BANKNIFTY06AUG2021600PE.NFO,186.9,224.28,2020-08-06 11:07:00,-75.04999999999998
2020-08-07 09:20:00,21471.05,21500,6,BANKNIFTY13AUG2021500CE.NFO,363.85,436.62,2020-08-07 09:45:00,BANKNIFTY13AUG2021500PE.NFO,407.3,232.95,2020-08-07 15:10:00,101.58000000000004
2020-08-10 09:20:00,21950.0,21900,3,BANKNIFTY13AUG2021900CE.NFO,331.0,397.2,2020-08-10 09:32:00,BANKNIFTY13AUG2021900PE.NFO,302.15,280.9,2020-08-10 15:10:00,-44.94999999999999
2020-08-11 09:20:00,22228.9,22200,2,BANKNIFTY13AUG2022200CE.NFO,270.6,261.45,2020-08-11 15:10:00,BANKNIFTY13AUG2022200PE.NFO,255.4,306.48,2020-08-11 11:15:00,-41.92999999999998
2020-08-12 09:20:00,22054.4,22100,1,BANKNIFTY13AUG2022100CE.NFO,164.7,197.64,2020-08-12 09:29:00,BANKNIFTY13AUG2022100PE.NFO,229.0,74.2,2020-08-12 15:10:00,121.86000000000001
2020-08-13 09:20:00,22421.05,22400,0,BANKNIFTY13AUG2022400CE.NFO,119.55,0.25,2020-08-13 15:10:00,BANKNIFTY13AUG2022400PE.NFO,102.5,123.0,2020-08-13 11:40:00,98.8
2020-08-14 09:20:00,22278.5,22300,6,BANKNIFTY20AUG2022300CE.NFO,301.25,107.2,2020-08-14 15:10:00,BANKNIFTY20AUG2022300PE.NFO,321.0,385.2,2020-08-14 13:30:00,129.85000000000002
2020-08-17 09:20:00,21776.5,21800,3,BANKNIFTY20AUG2021800CE.NFO,273.75,253.65,2020-08-17 15:10:00,BANKNIFTY20AUG2021800PE.NFO,299.55,359.46000000000004,2020-08-17 09:37:00,-39.81000000000003
2020-08-18 09:20:00,21771.05,21800,2,BANKNIFTY20AUG2021800CE.NFO,231.15,277.38,2020-08-18 13:34:00,BANKNIFTY20AUG2021800PE.NFO,268.25,86.2,2020-08-18 15:10:00,135.82000000000002
2020-08-19 09:20:00,22372.05,22300,1,BANKNIFTY20AUG2022300CE.NFO,216.8,132.2,2020-08-19 15:10:00,BANKNIFTY20AUG2022300PE.NFO,155.2,186.23999999999998,2020-08-19 09:49:00,53.56000000000003
2020-08-20 09:20:00,21962.5,22000,0,BANKNIFTY20AUG2022000CE.NFO,96.1,115.32,2020-08-20 09:39:00,BANKNIFTY20AUG2022000PE.NFO,131.05,4.9,2020-08-20 15:10:00,106.93
2020-08-21 09:20:00,22200.55,22200,6,BANKNIFTY27AUG2022200CE.NFO,303.3,320.0,2020-08-21 15:10:00,BANKNIFTY27AUG2022200PE.NFO,298.0,241.15,2020-08-21 15:10:00,40.150000000000006
2020-08-24 09:20:00,22555.4,22500,3,BANKNIFTY27AUG2022500CE.NFO,273.45,328.14,2020-08-24 11:10:00,BANKNIFTY27AUG2022500PE.NFO,211.8,118.4,2020-08-24 15:10:00,38.71000000000001
2020-08-25 09:20:00,23008.45,23000,2,BANKNIFTY27AUG2023000CE.NFO,233.5,280.2,2020-08-25 09:31:00,BANKNIFTY27AUG2023000PE.NFO,223.85,268.62,2020-08-25 10:40:00,-91.47
2020-08-26 09:20:00,23204.05,23200,1,BANKNIFTY27AUG2023200CE.NFO,197.65,237.18,2020-08-26 14:43:00,BANKNIFTY27AUG2023200PE.NFO,194.05,69.3,2020-08-26 15:10:00,85.22000000000001
2020-08-27 09:20:00,23616.0,23600,0,BANKNIFTY27AUG2023600CE.NFO,115.7,13.65,2020-08-27 15:10:00,BANKNIFTY27AUG2023600PE.NFO,100.4,7.6,2020-08-27 15:10:00,194.85000000000002
2020-08-28 09:20:00,23809.25,23800,6,BANKNIFTY03SEP2023800CE.NFO,325.2,390.24,2020-08-28 10:29:00,BANKNIFTY03SEP2023800PE.NFO,326.5,132.45,2020-08-28 15:10:00,129.01
2020-08-31 09:20:00,25258.05,25200,3,BANKNIFTY03SEP2025200CE.NFO,464.2,72.45,2020-08-31 15:10:00,BANKNIFTY03SEP2025200PE.NFO,395.65,474.78,2020-08-31 09:23:00,312.62
2020-09-01 09:20:00,23939.0,23900,2,BANKNIFTY03SEP2023900CE.NFO,474.85,569.82,2020-09-01 09:31:00,BANKNIFTY03SEP2023900PE.NFO,421.25,505.5,2020-09-01 09:52:00,-179.22000000000003
2020-09-02 09:20:00,23696.3,23700,1,BANKNIFTY03SEP2023700CE.NFO,292.7,351.24,2020-09-02 14:30:00,BANKNIFTY03SEP2023700PE.NFO,311.05,373.26,2020-09-02 10:30:00,-120.75
2020-09-03 09:20:00,23896.9,23900,0,BANKNIFTY03SEP2023900CE.NFO,108.7,0.3,2020-09-03 15:10:00,BANKNIFTY03SEP2023900PE.NFO,126.95,152.34,2020-09-03 09:30:00,83.01
2020-09-04 09:20:00,22910.8,22900,6,BANKNIFTY10SEP2022900CE.NFO,487.7,585.24,2020-09-04 09:50:00,BANKNIFTY10SEP2022900PE.NFO,486.75,378.75,2020-09-04 15:10:00,10.45999999999998
2020-09-07 09:20:00,22998.25,23000,3,BANKNIFTY10SEP2023000CE.NFO,358.1,289.6,2020-09-07 15:10:00,BANKNIFTY10SEP2023000PE.NFO,373.45,448.14,2020-09-07 09:35:00,-6.189999999999998
2020-09-08 09:20:00,22880.15,22900,2,BANKNIFTY10SEP2022900CE.NFO,292.2,350.64,2020-09-08 12:45:00,BANKNIFTY10SEP2022900PE.NFO,319.95,329.95,2020-09-08 15:10:00,-68.44
2020-09-09 09:20:00,22530.0,22500,1,BANKNIFTY10SEP2022500CE.NFO,227.0,103.95,2020-09-09 15:10:00,BANKNIFTY10SEP2022500PE.NFO,200.5,240.6,2020-09-09 09:49:00,82.95
2020-09-10 09:20:00,22514.35,22500,0,BANKNIFTY10SEP2022500CE.NFO,95.4,114.48,2020-09-10 10:45:00,BANKNIFTY10SEP2022500PE.NFO,103.6,124.32,2020-09-10 09:56:00,-39.8
2020-09-11 09:20:00,22664.3,22600,6,BANKNIFTY17SEP2022600CE.NFO,369.15,283.15,2020-09-11 15:10:00,BANKNIFTY17SEP2022600PE.NFO,309.75,371.7,2020-09-11 09:38:00,24.05000000000001
2020-09-14 09:20:00,22730.0,22700,3,BANKNIFTY17SEP2022700CE.NFO,305.05,151.65,2020-09-14 15:10:00,BANKNIFTY17SEP2022700PE.NFO,281.9,338.28,2020-09-14 10:16:00,97.02000000000001
2020-09-15 09:20:00,22225.0,22200,2,BANKNIFTY17SEP2022200CE.NFO,302.45,362.94,2020-09-15 09:45:00,BANKNIFTY17SEP2022200PE.NFO,296.15,132.8,2020-09-15 15:10:00,102.85999999999996
2020-09-16 09:20:00,22487.25,22500,1,BANKNIFTY17SEP2022500CE.NFO,194.85,233.82,2020-09-16 14:14:00,BANKNIFTY17SEP2022500PE.NFO,234.3,281.16,2020-09-16 11:12:00,-85.83000000000001
2020-09-17 09:20:00,22357.3,22400,0,BANKNIFTY17SEP2022400CE.NFO,70.0,84.0,2020-09-17 09:28:00,BANKNIFTY17SEP2022400PE.NFO,151.45,90.9,2020-09-17 15:10:00,46.54999999999998
2020-09-18 09:20:00,22483.9,22500,6,BANKNIFTY24SEP2022500CE.NFO,346.7,199.3,2020-09-18 15:10:00,BANKNIFTY24SEP2022500PE.NFO,364.8,437.76,2020-09-18 11:12:00,74.44
2020-09-21 09:20:00,21984.25,22000,3,BANKNIFTY24SEP2022000CE.NFO,308.3,369.96000000000004,2020-09-21 10:34:00,BANKNIFTY24SEP2022000PE.NFO,327.5,393.0,2020-09-21 13:05:00,-127.16000000000003
2020-09-22 09:20:00,21382.4,21500,2,BANKNIFTY24SEP2021500CE.NFO,236.1,283.32,2020-09-22 10:06:00,BANKNIFTY24SEP2021500PE.NFO,355.4,426.47999999999996,2020-09-22 09:24:00,-118.29999999999998
2020-09-23 09:20:00,21296.15,21300,1,BANKNIFTY24SEP2021300CE.NFO,197.3,122.2,2020-09-23 15:10:00,BANKNIFTY24SEP2021300PE.NFO,198.7,238.44,2020-09-23 09:25:00,35.36
2020-09-24 09:20:00,20872.85,20900,0,BANKNIFTY24SEP2020900CE.NFO,94.5,113.4,2020-09-24 09:34:00,BANKNIFTY24SEP2020900PE.NFO,125.3,150.36,2020-09-24 10:28:00,-43.96000000000002
2020-09-25 09:20:00,20652.85,20600,6,BANKNIFTY01OCT2020600CE.NFO,427.45,512.94,2020-09-25 12:27:00,BANKNIFTY01OCT2020600PE.NFO,391.45,469.74,2020-09-25 10:18:00,-163.7800000000001
2020-09-28 09:20:00,21185.05,21200,3,BANKNIFTY01OCT2021200CE.NFO,294.15,352.97999999999996,2020-09-28 09:32:00,BANKNIFTY01OCT2021200PE.NFO,326.2,99.5,2020-09-28 15:10:00,167.87
2020-09-29 09:20:00,21819.65,21800,2,BANKNIFTY01OCT2021800CE.NFO,257.2,67.0,2020-09-29 15:10:00,BANKNIFTY01OCT2021800PE.NFO,259.45,311.34,2020-09-29 09:28:00,138.31
2020-09-30 09:20:00,21316.8,21300,1,BANKNIFTY01OCT2021300CE.NFO,184.4,221.28,2020-09-30 10:30:00,BANKNIFTY01OCT2021300PE.NFO,194.4,233.28,2020-09-30 09:22:00,-75.75999999999999
2020-10-01 09:20:00,21815.2,21800,0,BANKNIFTY01OCT2021800CE.NFO,94.7,113.64,2020-10-01 09:23:00,BANKNIFTY01OCT2021800PE.NFO,111.7,0.25,2020-10-01 15:10:00,92.51
2020-10-05 09:20:00,22662.55,22600,3,BANKNIFTY08OCT2022600CE.NFO,396.85,206.55,2020-10-05 15:10:00,BANKNIFTY08OCT2022600PE.NFO,361.95,434.34,2020-10-05 13:13:00,117.91000000000003
2020-10-06 09:20:00,22775.0,22700,2,BANKNIFTY08OCT2022700CE.NFO,303.65,333.55,2020-10-06 15:10:00,BANKNIFTY08OCT2022700PE.NFO,254.75,305.7,2020-10-06 09:24:00,-80.85000000000002
2020-10-07 09:20:00,22673.35,22700,1,BANKNIFTY08OCT2022700CE.NFO,183.6,220.32,2020-10-07 09:39:00,BANKNIFTY08OCT2022700PE.NFO,247.1,74.7,2020-10-07 15:10:00,135.67999999999998
2020-10-08 09:20:00,23242.0,23200,0,BANKNIFTY08OCT2023200CE.NFO,137.05,164.46,2020-10-08 10:16:00,BANKNIFTY08OCT2023200PE.NFO,125.75,150.9,2020-10-08 09:30:00,-52.56
2020-10-12 09:20:00,24080.85,24100,3,BANKNIFTY15OCT2024100CE.NFO,358.6,218.4,2020-10-12 15:10:00,BANKNIFTY15OCT2024100PE.NFO,402.35,482.82000000000005,2020-10-12 10:26:00,59.72999999999999
2020-10-13 09:20:00,23550.0,23600,2,BANKNIFTY15OCT2023600CE.NFO,310.0,372.0,2020-10-13 10:39:00,BANKNIFTY15OCT2023600PE.NFO,378.45,334.0,2020-10-13 15:10:00,-17.55000000000001
2020-10-14 09:20:00,23336.55,23400,1,BANKNIFTY15OCT2023400CE.NFO,223.25,267.9,2020-10-14 14:20:00,BANKNIFTY15OCT2023400PE.NFO,317.75,55.7,2020-10-14 15:10:00,217.40000000000003
2020-10-15 09:20:00,23727.1,23700,0,BANKNIFTY15OCT2023700CE.NFO,132.0,158.4,2020-10-15 09:37:00,BANKNIFTY15OCT2023700PE.NFO,133.7,160.44,2020-10-15 13:45:00,-53.140000000000015
2020-10-16 09:20:00,23377.9,23300,6,BANKNIFTY22OCT2023300CE.NFO,459.6,551.52,2020-10-16 12:05:00,BANKNIFTY22OCT2023300PE.NFO,392.9,471.47999999999996,2020-10-16 09:52:00,-170.49999999999994
2020-10-19 09:20:00,23875.0,23800,3,BANKNIFTY22OCT2023800CE.NFO,391.2,469.44,2020-10-19 09:45:00,BANKNIFTY22OCT2023800PE.NFO,329.75,147.75,2020-10-19 15:10:00,103.75999999999999
2020-10-20 09:20:00,24118.1,24100,2,BANKNIFTY22OCT2024100CE.NFO,330.0,396.0,2020-10-20 09:25:00,BANKNIFTY22OCT2024100PE.NFO,340.0,205.75,2020-10-20 15:10:00,68.25
